query_id,language,query_type,gold_doc_id,difficulty,created_at
1,en,procedure,460,easy,2026-04-05T14:42
2,ja,long_tail,236,easy,2026-06-01T13:18
3,he,safety,307,easy,2026-05-18T02:08
4,fr,procedure,420,medium,2026-04-24T03:18
5,es,procedure,93,hard,2026-05-06T02:26
6,fr,fact,500,hard,2026-05-10T19:57
7,de,procedure,441,medium,2026-04-24T16:41
8,he,comparison,239,medium,2026-05-12T12:59
9,de,long_tail,481,hard,2026-04-08T15:31
10,de,fact,33,medium,2026-04-01T06:57
11,ja,fact,50,hard,2026-04-24T05:07
12,ja,fact,219,hard,2026-04-29T07:42
13,he,long_tail,476,hard,2026-05-08T18:11
14,ja,procedure,371,medium,2026-04-09T19:34
15,fr,long_tail,171,easy,2026-05-25T06:06
16,es,procedure,86,hard,2026-06-01T17:17
17,de,safety,216,easy,2026-06-03T04:21
18,en,long_tail,416,medium,2026-05-28T11:47
19,es,safety,66,medium,2026-06-07T05:43
20,es,procedure,497,easy,2026-06-01T17:18
21,de,long_tail,79,hard,2026-04-17T08:28
22,en,fact,327,easy,2026-06-01T06:00
23,es,procedure,293,easy,2026-05-24T15:25
24,fr,comparison,445,hard,2026-04-03T10:35
25,en,long_tail,349,easy,2026-04-12T03:47
26,fr,safety,459,easy,2026-04-06T02:13
27,de,procedure,330,medium,2026-05-23T03:19
28,en,procedure,321,hard,2026-05-13T12:00
29,de,comparison,101,medium,2026-05-29T03:29
30,ja,procedure,373,medium,2026-05-06T11:54
31,he,procedure,304,hard,2026-06-06T01:02
32,es,procedure,79,easy,2026-04-09T16:11
33,de,fact,203,easy,2026-05-26T04:51
34,ja,comparison,69,easy,2026-05-22T08:38
35,es,fact,419,easy,2026-05-26T16:01
36,es,comparison,427,medium,2026-06-09T02:27
37,ja,procedure,421,easy,2026-05-04T15:13
38,fr,comparison,193,hard,2026-04-10T17:57
39,en,fact,296,easy,2026-04-18T06:03
40,ja,fact,5,medium,2026-05-14T05:39
41,he,long_tail,365,easy,2026-05-08T07:46
42,fr,fact,482,hard,2026-05-25T05:28
43,es,fact,122,hard,2026-04-20T19:10
44,en,comparison,272,medium,2026-05-11T17:10
45,ja,procedure,54,hard,2026-04-23T12:05
46,de,comparison,107,hard,2026-06-09T07:00
47,es,comparison,79,hard,2026-05-29T07:38
48,en,fact,54,medium,2026-04-17T23:49
49,de,comparison,181,easy,2026-04-30T12:45
50,es,long_tail,463,hard,2026-05-06T22:27
51,fr,long_tail,48,medium,2026-05-26T19:18
52,fr,fact,132,easy,2026-06-06T16:49
53,de,safety,35,easy,2026-04-09T17:27
54,de,long_tail,310,hard,2026-04-30T04:04
55,de,fact,359,easy,2026-05-02T07:53
56,es,fact,130,medium,2026-04-09T23:34
57,en,procedure,421,hard,2026-06-07T15:28
58,fr,procedure,320,easy,2026-05-26T11:04
59,en,safety,39,easy,2026-05-19T18:16
60,fr,long_tail,457,medium,2026-04-10T23:55
61,he,comparison,443,hard,2026-04-14T06:01
62,de,fact,472,hard,2026-05-21T00:51
63,fr,long_tail,354,easy,2026-04-30T06:45
64,es,safety,20,easy,2026-05-31T02:23
65,de,fact,44,hard,2026-06-03T01:12
66,en,fact,164,hard,2026-04-21T08:17
67,es,safety,164,easy,2026-05-29T08:30
68,es,procedure,63,easy,2026-05-09T22:09
69,es,fact,152,hard,2026-05-08T13:23
70,ja,safety,417,hard,2026-05-16T12:17
71,de,fact,191,easy,2026-04-11T22:29
72,fr,fact,230,medium,2026-05-03T03:13
73,fr,safety,288,hard,2026-04-08T21:17
74,fr,comparison,175,easy,2026-04-20T18:44
75,es,fact,364,easy,2026-05-27T04:13
76,de,long_tail,50,hard,2026-04-26T11:46
77,he,safety,462,medium,2026-05-18T09:17
78,es,long_tail,465,medium,2026-05-28T14:13
79,es,fact,377,easy,2026-04-22T17:56
80,ja,procedure,218,medium,2026-04-08T02:34
81,de,comparison,113,easy,2026-05-27T12:25
82,en,comparison,410,hard,2026-05-02T19:30
83,fr,long_tail,335,hard,2026-04-29T22:17
84,ja,safety,10,hard,2026-04-20T04:15
85,he,procedure,186,hard,2026-04-08T10:39
86,es,procedure,183,medium,2026-06-02T06:08
87,he,safety,173,medium,2026-04-16T15:30
88,es,procedure,10,medium,2026-05-04T03:13
89,es,long_tail,463,medium,2026-05-10T17:40
90,ja,long_tail,483,hard,2026-05-13T12:19
91,ja,fact,450,hard,2026-05-06T18:05
92,de,procedure,496,medium,2026-04-26T12:00
93,en,fact,189,medium,2026-05-31T10:37
94,de,procedure,397,medium,2026-06-01T00:33
95,de,fact,81,easy,2026-05-10T05:49
96,en,comparison,172,hard,2026-06-05T08:35
97,he,procedure,131,hard,2026-04-12T02:48
98,ja,fact,232,easy,2026-04-19T13:05
99,he,fact,234,easy,2026-05-07T13:46
100,fr,comparison,446,medium,2026-04-09T08:34
101,he,fact,298,hard,2026-05-04T08:49
102,en,comparison,191,medium,2026-04-17T09:49
103,es,long_tail,365,easy,2026-05-16T19:28
104,es,comparison,272,hard,2026-04-08T14:34
105,he,safety,71,easy,2026-05-13T15:36
106,es,comparison,168,easy,2026-05-27T21:01
107,en,long_tail,480,hard,2026-05-26T19:36
108,he,fact,163,easy,2026-05-09T08:15
109,ja,comparison,53,hard,2026-05-25T06:34
110,ja,long_tail,274,medium,2026-06-05T05:30
111,he,long_tail,302,medium,2026-05-26T17:51
112,es,procedure,484,hard,2026-05-15T11:03
113,he,procedure,24,medium,2026-04-23T12:55
114,en,procedure,359,medium,2026-05-13T23:39
115,en,fact,155,medium,2026-04-24T00:12
116,ja,safety,486,medium,2026-05-22T14:22
117,en,long_tail,334,hard,2026-04-29T04:08
118,ja,long_tail,257,medium,2026-06-04T11:28
119,en,procedure,240,hard,2026-04-06T21:45
120,he,comparison,251,easy,2026-06-08T10:40
121,ja,procedure,279,medium,2026-05-01T10:27
122,es,comparison,245,medium,2026-04-19T18:08
123,es,long_tail,18,easy,2026-05-22T03:07
124,he,safety,234,hard,2026-04-03T21:07
125,ja,comparison,271,medium,2026-05-30T10:24
126,ja,comparison,343,hard,2026-05-03T20:19
127,en,fact,336,hard,2026-05-02T20:28
128,fr,fact,397,easy,2026-04-19T19:25
129,fr,procedure,205,hard,2026-04-01T22:07
130,ja,procedure,25,easy,2026-05-06T14:57
131,ja,safety,191,medium,2026-06-05T12:15
132,he,procedure,400,easy,2026-05-06T17:41
133,fr,long_tail,186,easy,2026-04-02T06:25
134,de,fact,111,medium,2026-05-13T13:13
135,en,long_tail,253,hard,2026-05-22T05:11
136,fr,comparison,457,easy,2026-04-07T10:59
137,fr,fact,66,medium,2026-05-08T00:27
138,he,procedure,344,easy,2026-05-05T23:09
139,he,procedure,104,medium,2026-05-19T05:55
140,de,comparison,365,easy,2026-05-18T06:02
141,he,long_tail,303,hard,2026-04-08T15:14
142,en,comparison,189,easy,2026-04-28T08:11
143,en,safety,218,medium,2026-05-02T17:11
144,fr,long_tail,84,easy,2026-04-13T10:57
145,en,procedure,3,easy,2026-06-07T09:24
146,he,comparison,192,easy,2026-05-21T07:21
147,de,fact,389,medium,2026-05-01T19:26
148,de,comparison,109,hard,2026-05-29T07:48
149,es,safety,87,medium,2026-04-18T02:17
150,fr,procedure,153,medium,2026-05-08T16:05
151,he,fact,30,medium,2026-04-21T15:23
152,ja,safety,331,hard,2026-05-26T17:30
153,es,long_tail,402,medium,2026-04-06T03:14
154,en,long_tail,136,hard,2026-05-08T03:17
155,es,comparison,138,easy,2026-06-04T17:22
156,he,fact,153,medium,2026-04-04T00:28
157,fr,long_tail,227,hard,2026-05-24T02:05
158,es,procedure,388,easy,2026-04-05T13:58
159,de,procedure,416,hard,2026-04-03T11:11
160,he,fact,188,easy,2026-04-22T06:35
161,ja,procedure,276,easy,2026-05-06T21:58
162,ja,fact,98,easy,2026-05-06T13:48
163,de,procedure,200,hard,2026-06-08T03:00
164,de,safety,244,medium,2026-04-02T12:15
165,he,procedure,239,medium,2026-05-19T19:11
166,fr,long_tail,220,medium,2026-05-08T13:01
167,es,comparison,59,medium,2026-04-12T13:55
168,en,comparison,136,hard,2026-05-30T23:08
169,de,fact,429,hard,2026-05-22T17:42
170,es,safety,241,medium,2026-04-18T00:57
171,en,fact,106,hard,2026-05-07T07:44
172,he,long_tail,156,easy,2026-04-13T02:56
173,en,long_tail,424,medium,2026-05-23T11:29
174,es,comparison,143,medium,2026-05-14T02:21
175,ja,fact,93,hard,2026-05-23T23:23
176,en,comparison,348,easy,2026-04-05T12:18
177,ja,fact,162,easy,2026-05-23T10:52
178,en,long_tail,162,medium,2026-04-16T22:36
179,de,safety,429,medium,2026-06-05T04:35
180,es,comparison,191,medium,2026-04-08T18:43
181,he,procedure,270,hard,2026-05-26T11:06
182,ja,safety,424,hard,2026-04-10T21:19
183,en,procedure,420,easy,2026-05-05T18:36
184,fr,procedure,354,hard,2026-04-05T19:28
185,he,long_tail,44,easy,2026-04-20T10:39
186,en,fact,274,easy,2026-04-11T00:24
187,es,fact,401,easy,2026-05-29T18:12
188,ja,comparison,115,medium,2026-04-21T20:00
189,he,comparison,96,hard,2026-05-22T03:46
190,en,procedure,177,medium,2026-04-23T18:34
191,en,long_tail,160,easy,2026-05-16T21:36
192,he,long_tail,131,easy,2026-05-05T11:27
193,fr,long_tail,485,medium,2026-06-07T02:31
194,en,long_tail,383,hard,2026-05-16T01:29
195,ja,fact,136,medium,2026-05-07T10:19
196,ja,fact,16,easy,2026-06-05T20:18
197,es,comparison,489,medium,2026-04-19T07:24
198,en,safety,156,hard,2026-04-27T06:03
199,en,comparison,259,medium,2026-06-09T08:26
200,ja,fact,491,hard,2026-05-27T20:11
201,ja,procedure,37,medium,2026-05-25T02:56
202,de,long_tail,386,hard,2026-04-11T16:33
203,en,safety,354,medium,2026-04-22T19:05
204,de,long_tail,358,medium,2026-05-15T22:24
205,de,comparison,426,hard,2026-05-06T18:40
206,ja,fact,214,easy,2026-05-09T07:32
207,ja,safety,389,hard,2026-05-16T06:47
208,ja,procedure,27,easy,2026-05-16T02:08
209,he,procedure,411,hard,2026-04-05T11:34
210,fr,fact,121,medium,2026-05-25T16:40
211,fr,safety,350,hard,2026-06-02T09:05
212,de,fact,121,easy,2026-06-08T23:43
213,es,fact,72,easy,2026-05-31T15:27
214,de,fact,386,hard,2026-06-03T22:59
215,de,procedure,278,hard,2026-05-26T00:05
216,es,safety,25,hard,2026-04-14T14:33
217,en,fact,79,easy,2026-04-27T08:39
218,en,procedure,278,medium,2026-05-20T22:33
219,fr,safety,184,easy,2026-05-19T02:39
220,de,fact,332,hard,2026-04-09T21:06
221,de,comparison,410,easy,2026-05-18T05:24
222,es,fact,337,easy,2026-04-09T12:33
223,es,safety,63,easy,2026-05-16T19:17
224,fr,fact,310,hard,2026-04-07T07:36
225,ja,procedure,472,medium,2026-04-17T06:19
226,de,long_tail,354,hard,2026-04-09T16:55
227,es,long_tail,356,medium,2026-05-23T19:47
228,he,procedure,487,easy,2026-06-02T04:07
229,es,procedure,73,easy,2026-06-06T14:01
230,he,safety,368,hard,2026-04-17T17:45
231,he,comparison,224,easy,2026-06-06T13:19
232,es,fact,83,hard,2026-06-04T06:03
233,fr,comparison,330,medium,2026-04-16T13:15
234,de,safety,124,hard,2026-05-01T21:13
235,ja,procedure,352,hard,2026-04-24T13:17
236,fr,safety,131,hard,2026-05-30T04:29
237,en,fact,390,easy,2026-05-09T06:34
238,he,procedure,387,medium,2026-04-20T23:24
239,he,fact,148,easy,2026-05-08T10:29
240,he,fact,319,easy,2026-05-14T09:32
241,he,safety,474,hard,2026-05-24T21:19
242,es,procedure,313,hard,2026-05-07T00:54
243,de,comparison,290,medium,2026-04-18T03:51
244,he,long_tail,491,hard,2026-04-09T09:55
245,fr,fact,167,hard,2026-05-19T04:35
246,en,procedure,247,easy,2026-04-02T13:46
247,de,safety,112,hard,2026-04-10T20:59
248,fr,fact,131,easy,2026-04-29T14:54
249,es,long_tail,206,easy,2026-04-19T15:41
250,en,procedure,408,medium,2026-04-23T18:28
251,fr,comparison,28,easy,2026-04-22T22:50
252,ja,long_tail,100,hard,2026-04-30T01:02
253,es,comparison,226,hard,2026-05-24T19:25
254,fr,fact,461,hard,2026-04-04T09:09
255,fr,procedure,239,medium,2026-06-06T04:07
256,de,safety,97,easy,2026-04-06T07:29
257,fr,long_tail,422,easy,2026-04-09T12:23
258,en,comparison,273,easy,2026-05-29T05:31
259,en,long_tail,100,easy,2026-05-29T18:34
260,ja,procedure,67,hard,2026-06-08T14:28
261,ja,comparison,390,medium,2026-04-27T19:10
262,de,safety,145,medium,2026-04-13T16:49
263,en,safety,352,hard,2026-05-13T08:34
264,de,procedure,169,medium,2026-04-19T01:50
265,ja,comparison,152,hard,2026-05-27T03:01
266,ja,safety,466,hard,2026-06-02T05:08
267,es,long_tail,443,easy,2026-06-03T04:50
268,en,long_tail,310,hard,2026-05-11T20:04
269,ja,safety,254,hard,2026-06-01T20:51
270,he,safety,363,easy,2026-04-19T06:54
271,fr,comparison,445,easy,2026-04-24T14:35
272,es,fact,221,easy,2026-05-20T22:38
273,es,procedure,453,medium,2026-04-21T22:01
274,fr,comparison,135,easy,2026-04-22T08:15
275,he,procedure,257,medium,2026-04-22T17:09
276,he,procedure,182,hard,2026-04-08T06:56
277,ja,procedure,313,easy,2026-06-06T10:34
278,he,long_tail,64,easy,2026-06-02T15:34
279,de,comparison,150,easy,2026-04-27T18:33
280,en,fact,420,medium,2026-05-22T12:33
281,he,procedure,325,hard,2026-04-15T12:13
282,de,long_tail,69,medium,2026-06-04T22:54
283,ja,fact,48,medium,2026-05-28T16:17
284,de,comparison,346,easy,2026-05-05T19:15
285,de,fact,411,easy,2026-04-16T17:03
286,fr,procedure,239,easy,2026-06-03T08:47
287,he,safety,12,hard,2026-06-09T06:26
288,es,long_tail,283,medium,2026-06-02T15:54
289,de,comparison,107,hard,2026-06-06T23:56
290,fr,safety,482,easy,2026-06-08T21:41
291,ja,procedure,340,hard,2026-04-05T22:35
292,ja,procedure,208,hard,2026-05-31T12:49
293,es,comparison,327,hard,2026-04-01T21:09
294,es,procedure,25,easy,2026-06-02T19:20
295,es,comparison,185,hard,2026-05-22T12:13
296,fr,fact,22,hard,2026-04-13T08:45
297,en,safety,177,medium,2026-06-01T13:11
298,en,comparison,482,hard,2026-06-09T08:57
299,fr,safety,196,hard,2026-05-31T13:25
300,he,safety,175,hard,2026-05-11T08:38
301,fr,fact,230,hard,2026-04-07T07:16
302,es,comparison,475,hard,2026-04-01T06:21
303,de,long_tail,230,easy,2026-04-11T11:36
304,en,long_tail,499,easy,2026-04-01T05:39
305,de,procedure,171,medium,2026-05-06T20:23
306,ja,fact,382,hard,2026-05-20T01:46
307,es,safety,257,medium,2026-05-11T07:11
308,ja,procedure,40,medium,2026-04-23T06:59
309,he,procedure,106,medium,2026-05-03T19:30
310,fr,comparison,354,hard,2026-05-04T09:52
311,es,procedure,251,medium,2026-04-12T13:44
312,de,safety,126,medium,2026-04-17T14:53
313,ja,safety,491,easy,2026-05-10T17:32
314,en,fact,38,easy,2026-06-05T12:26
315,ja,comparison,299,medium,2026-05-17T22:26
316,es,fact,410,easy,2026-05-25T10:41
317,es,procedure,223,medium,2026-06-04T01:58
318,es,procedure,166,medium,2026-06-06T10:24
319,ja,comparison,445,medium,2026-06-01T01:02
320,ja,procedure,385,medium,2026-05-02T21:43
321,fr,procedure,382,medium,2026-05-21T10:55
322,ja,procedure,241,medium,2026-05-05T16:09
323,de,fact,119,medium,2026-05-23T00:18
324,es,fact,108,medium,2026-04-25T03:35
325,ja,procedure,132,medium,2026-05-04T01:00
326,de,comparison,58,medium,2026-04-05T03:29
327,es,safety,183,easy,2026-05-19T22:14
328,ja,safety,2,medium,2026-05-02T12:23
329,he,long_tail,494,hard,2026-05-29T16:37
330,es,comparison,194,medium,2026-05-02T21:14
331,ja,long_tail,210,hard,2026-05-01T14:36
332,fr,procedure,192,hard,2026-05-26T20:07
333,de,safety,173,easy,2026-06-06T00:48
334,fr,safety,89,hard,2026-04-17T01:16
335,fr,comparison,187,medium,2026-05-24T11:45
336,en,safety,205,easy,2026-04-03T13:04
337,fr,procedure,331,easy,2026-04-16T16:06
338,es,procedure,52,medium,2026-04-02T23:58
339,fr,comparison,216,medium,2026-05-23T22:14
340,es,fact,439,medium,2026-05-07T23:51
341,he,procedure,292,easy,2026-04-12T06:29
342,he,long_tail,317,easy,2026-05-02T22:37
343,he,comparison,468,medium,2026-05-30T20:24
344,he,procedure,423,medium,2026-05-03T13:42
345,en,long_tail,73,easy,2026-05-05T18:23
346,fr,comparison,90,easy,2026-06-06T18:49
347,ja,safety,223,hard,2026-05-03T21:28
348,es,procedure,207,medium,2026-04-22T19:29
349,es,comparison,367,hard,2026-04-23T10:07
350,es,fact,351,hard,2026-04-20T14:32
351,he,comparison,442,hard,2026-04-25T15:19
352,he,fact,117,medium,2026-04-09T03:15
353,en,procedure,47,hard,2026-05-08T13:19
354,fr,long_tail,215,hard,2026-06-02T11:31
355,fr,fact,420,hard,2026-05-10T19:05
356,de,safety,356,hard,2026-04-22T18:09
357,he,safety,337,hard,2026-04-07T12:46
358,en,procedure,474,medium,2026-05-24T05:34
359,en,procedure,274,medium,2026-05-10T05:33
360,ja,fact,415,hard,2026-04-12T09:31
361,es,comparison,410,hard,2026-04-11T04:27
362,ja,procedure,218,hard,2026-04-25T23:48
363,fr,procedure,126,easy,2026-05-03T21:57
364,fr,long_tail,340,medium,2026-04-03T07:33
365,he,fact,465,hard,2026-04-23T13:59
366,de,safety,76,hard,2026-05-29T07:48
367,es,comparison,358,medium,2026-05-15T03:11
368,de,comparison,367,easy,2026-05-09T22:49
369,es,procedure,87,easy,2026-05-19T14:53
370,ja,fact,96,medium,2026-04-24T19:21
371,es,comparison,306,medium,2026-05-18T18:05
372,de,procedure,303,medium,2026-05-14T16:54
373,fr,comparison,224,medium,2026-06-07T05:37
374,he,long_tail,410,hard,2026-05-20T07:07
375,en,long_tail,232,easy,2026-06-07T21:52
376,es,long_tail,380,hard,2026-05-24T04:45
377,he,comparison,494,easy,2026-05-26T23:56
378,en,comparison,491,medium,2026-04-30T23:30
379,ja,safety,434,easy,2026-06-05T09:30
380,es,long_tail,483,medium,2026-04-26T20:54
381,en,comparison,324,easy,2026-05-12T18:48
382,es,procedure,38,easy,2026-05-28T19:24
383,ja,comparison,150,easy,2026-05-16T01:39
384,en,comparison,61,hard,2026-04-13T11:13
385,he,safety,230,medium,2026-04-17T12:36
386,fr,safety,222,easy,2026-06-04T20:25
387,es,procedure,109,easy,2026-05-06T18:20
388,de,fact,158,easy,2026-04-18T04:45
389,ja,safety,248,hard,2026-05-11T11:57
390,fr,safety,212,hard,2026-04-24T08:57
391,es,comparison,38,hard,2026-06-06T10:05
392,en,long_tail,443,hard,2026-05-12T15:14
393,de,procedure,142,medium,2026-04-04T04:39
394,he,fact,89,easy,2026-04-22T17:07
395,de,procedure,118,medium,2026-04-10T00:25
396,en,comparison,219,medium,2026-05-23T22:23
397,ja,long_tail,433,easy,2026-05-02T05:18
398,en,safety,141,medium,2026-04-20T12:58
399,de,fact,351,medium,2026-05-03T16:26
400,he,long_tail,339,hard,2026-04-04T17:20
401,en,safety,279,easy,2026-04-22T11:23
402,en,safety,234,easy,2026-05-04T14:44
403,he,long_tail,313,hard,2026-04-25T17:05
404,es,procedure,14,medium,2026-05-17T03:18
405,es,safety,107,easy,2026-04-21T18:24
406,fr,procedure,7,medium,2026-06-06T23:32
407,ja,long_tail,22,medium,2026-05-08T16:42
408,es,safety,325,hard,2026-05-23T15:08
409,ja,procedure,378,easy,2026-04-05T16:25
410,es,safety,57,hard,2026-04-18T19:22
411,fr,fact,145,hard,2026-04-06T00:02
412,fr,fact,13,medium,2026-04-12T23:08
413,es,long_tail,351,medium,2026-04-23T08:30
414,es,comparison,67,easy,2026-04-23T03:21
415,fr,long_tail,460,medium,2026-05-22T14:26
416,he,comparison,156,medium,2026-04-09T00:48
417,en,procedure,253,hard,2026-04-08T23:09
418,es,long_tail,194,easy,2026-04-28T17:08
419,en,procedure,92,hard,2026-04-29T08:18
420,fr,long_tail,11,easy,2026-05-28T12:14
421,en,safety,147,medium,2026-05-20T05:22
422,fr,fact,260,medium,2026-04-12T13:37
423,he,safety,41,easy,2026-05-19T09:34
424,es,safety,135,hard,2026-05-03T06:00
425,en,procedure,340,medium,2026-04-24T07:34
426,en,procedure,244,hard,2026-05-02T14:29
427,de,fact,225,hard,2026-04-29T02:01
428,es,fact,88,medium,2026-06-08T18:43
429,en,fact,469,hard,2026-05-16T23:11
430,de,fact,319,easy,2026-05-30T10:54
431,he,long_tail,150,hard,2026-04-21T01:20
432,he,long_tail,204,easy,2026-04-20T09:00
433,en,safety,388,easy,2026-06-05T05:45
434,fr,fact,489,medium,2026-04-02T03:24
435,fr,long_tail,277,hard,2026-05-07T02:14
436,de,comparison,131,medium,2026-05-06T23:47
437,es,long_tail,101,hard,2026-04-10T13:48
438,he,procedure,233,medium,2026-04-23T23:24
439,en,procedure,325,medium,2026-05-10T13:24
440,ja,fact,190,hard,2026-05-14T08:17
441,ja,fact,390,easy,2026-04-23T16:35
442,he,long_tail,89,hard,2026-04-18T06:22
443,ja,fact,466,hard,2026-05-04T15:14
444,en,long_tail,286,medium,2026-05-26T15:22
445,he,safety,90,hard,2026-05-05T10:49
446,de,safety,449,medium,2026-05-14T14:58
447,ja,long_tail,398,easy,2026-05-09T09:54
448,es,long_tail,17,easy,2026-05-05T13:04
449,es,comparison,10,medium,2026-04-19T03:59
450,fr,comparison,455,medium,2026-05-17T05:31
451,ja,long_tail,163,easy,2026-06-02T17:03
452,ja,safety,201,easy,2026-04-16T00:31
453,he,comparison,75,hard,2026-06-07T04:01
454,en,fact,467,easy,2026-06-05T20:53
455,fr,comparison,7,medium,2026-05-16T16:25
456,he,procedure,335,easy,2026-05-21T23:00
457,fr,long_tail,175,easy,2026-05-02T20:33
458,es,comparison,492,easy,2026-04-19T10:50
459,en,long_tail,6,hard,2026-04-18T01:08
460,ja,comparison,348,hard,2026-05-20T06:59
461,he,procedure,79,medium,2026-05-20T23:33
462,de,long_tail,46,easy,2026-05-17T20:19
463,es,long_tail,288,hard,2026-05-02T21:34
464,ja,safety,42,easy,2026-05-18T00:04
465,ja,safety,9,medium,2026-04-03T18:05
466,ja,safety,175,medium,2026-05-02T14:45
467,de,long_tail,65,medium,2026-04-26T09:46
468,en,procedure,13,easy,2026-05-19T22:49
469,he,safety,332,hard,2026-04-28T00:29
470,ja,fact,171,easy,2026-04-18T23:38
471,ja,procedure,143,easy,2026-05-26T16:03
472,fr,long_tail,385,hard,2026-05-17T21:45
473,he,safety,447,medium,2026-04-22T20:36
474,es,fact,135,hard,2026-04-09T00:23
475,es,long_tail,141,medium,2026-05-11T22:55
476,ja,comparison,492,medium,2026-04-18T23:08
477,he,procedure,275,medium,2026-05-31T17:13
478,de,safety,484,easy,2026-05-10T17:39
479,de,fact,205,medium,2026-05-06T17:14
480,he,safety,35,easy,2026-04-18T01:37
481,en,long_tail,155,easy,2026-05-13T00:21
482,fr,fact,357,easy,2026-04-27T22:33
483,de,procedure,165,hard,2026-05-02T21:29
484,ja,comparison,482,medium,2026-04-18T02:34
485,es,fact,285,easy,2026-04-14T05:11
486,fr,safety,259,hard,2026-05-31T13:51
487,he,long_tail,479,easy,2026-04-16T00:29
488,fr,procedure,406,medium,2026-04-19T23:20
489,ja,fact,277,medium,2026-05-19T11:18
490,ja,comparison,134,easy,2026-05-22T05:15
491,he,long_tail,268,easy,2026-05-16T17:40
492,de,comparison,250,easy,2026-04-26T07:20
493,es,comparison,187,medium,2026-04-28T16:51
494,he,fact,416,hard,2026-04-25T20:52
495,he,comparison,298,hard,2026-04-01T01:38
496,de,comparison,392,easy,2026-05-22T01:29
497,de,procedure,42,easy,2026-05-16T12:06
498,es,procedure,146,medium,2026-04-19T21:00
499,de,procedure,19,hard,2026-06-04T23:07
500,en,fact,184,easy,2026-05-15T07:09
501,es,long_tail,55,medium,2026-04-07T00:02
502,de,fact,292,easy,2026-04-15T01:34
503,he,safety,209,easy,2026-04-11T13:27
504,de,comparison,231,medium,2026-05-12T00:12
505,es,long_tail,311,medium,2026-04-17T00:51
506,en,safety,398,hard,2026-06-02T10:06
507,ja,safety,385,easy,2026-06-01T14:40
508,fr,safety,282,medium,2026-05-04T11:03
509,fr,procedure,496,easy,2026-04-03T20:36
510,ja,safety,173,easy,2026-04-08T11:01
511,de,fact,203,easy,2026-04-19T21:09
512,de,safety,474,easy,2026-06-03T13:16
513,en,safety,317,medium,2026-06-06T06:52
514,en,safety,273,easy,2026-05-11T08:27
515,fr,fact,116,easy,2026-05-02T01:03
516,es,long_tail,341,medium,2026-04-07T12:04
517,he,safety,176,hard,2026-05-01T00:18
518,en,fact,121,easy,2026-04-23T12:43
519,en,long_tail,36,easy,2026-04-08T02:45
520,en,long_tail,311,easy,2026-04-11T00:04
521,en,fact,287,hard,2026-06-01T21:54
522,es,safety,293,easy,2026-04-21T13:59
523,he,long_tail,68,easy,2026-05-14T07:23
524,es,procedure,231,easy,2026-06-05T10:20
525,ja,procedure,287,hard,2026-05-24T19:06
526,de,fact,228,easy,2026-05-28T09:10
527,fr,comparison,53,easy,2026-04-09T07:46
528,es,fact,360,hard,2026-04-21T05:53
529,he,long_tail,491,easy,2026-04-09T02:07
530,he,safety,433,hard,2026-05-12T12:40
531,es,procedure,468,easy,2026-05-16T04:15
532,fr,fact,370,easy,2026-05-26T17:59
533,ja,fact,96,easy,2026-05-04T08:24
534,de,comparison,402,easy,2026-04-04T03:51
535,ja,procedure,145,easy,2026-05-05T21:12
536,de,long_tail,11,hard,2026-05-11T21:12
537,ja,comparison,75,hard,2026-05-24T00:46
538,ja,fact,12,easy,2026-04-14T02:52
539,he,long_tail,122,hard,2026-06-07T00:53
540,ja,safety,259,hard,2026-04-13T13:55
541,fr,procedure,419,easy,2026-04-18T03:17
542,en,safety,458,hard,2026-05-22T21:18
543,es,comparison,341,hard,2026-05-07T21:12
544,es,procedure,86,medium,2026-05-25T20:19
545,ja,long_tail,236,easy,2026-04-21T07:58
546,he,safety,44,hard,2026-04-10T01:19
547,de,safety,436,medium,2026-05-04T19:09
548,de,fact,140,hard,2026-06-08T11:04
549,de,long_tail,385,hard,2026-05-30T13:07
550,es,fact,408,medium,2026-06-07T21:15
551,en,comparison,289,hard,2026-04-22T12:45
552,de,procedure,432,hard,2026-05-18T16:48
553,de,safety,122,hard,2026-04-02T01:22
554,en,safety,123,easy,2026-06-01T21:47
555,he,comparison,404,hard,2026-05-13T02:05
556,ja,fact,61,hard,2026-06-01T15:07
557,es,long_tail,40,easy,2026-04-24T12:35
558,en,safety,181,medium,2026-04-22T04:32
559,de,fact,254,hard,2026-04-30T17:36
560,ja,comparison,87,hard,2026-04-10T00:13
561,es,fact,150,medium,2026-05-10T02:41
562,de,long_tail,39,medium,2026-05-06T11:11
563,de,fact,119,hard,2026-04-01T06:01
564,fr,fact,363,medium,2026-05-02T03:20
565,ja,comparison,287,easy,2026-06-04T02:25
566,en,safety,203,medium,2026-04-19T12:52
567,es,fact,203,hard,2026-05-19T14:45
568,es,fact,378,medium,2026-05-06T16:51
569,ja,procedure,3,medium,2026-06-06T10:20
570,es,fact,351,hard,2026-04-15T10:31
571,fr,long_tail,407,medium,2026-05-05T05:39
572,es,procedure,166,medium,2026-04-14T16:08
573,de,safety,425,medium,2026-05-13T21:50
574,en,comparison,446,hard,2026-05-31T19:33
575,en,safety,419,medium,2026-05-25T10:03
576,he,long_tail,270,medium,2026-04-29T17:06
577,fr,procedure,156,easy,2026-05-25T06:03
578,he,fact,88,medium,2026-04-07T10:49
579,de,long_tail,144,hard,2026-04-15T05:09
580,he,safety,105,medium,2026-05-19T00:12
581,de,long_tail,65,hard,2026-04-01T00:51
582,he,comparison,273,easy,2026-04-04T05:19
583,fr,safety,22,easy,2026-05-28T21:01
584,he,long_tail,51,medium,2026-05-26T11:12
585,es,safety,336,easy,2026-05-17T06:40
586,en,fact,152,easy,2026-05-09T15:11
587,fr,comparison,365,medium,2026-04-11T05:22
588,fr,safety,446,hard,2026-05-11T17:10
589,ja,fact,248,easy,2026-04-09T21:15
590,es,fact,467,medium,2026-05-20T19:03
591,es,comparison,346,medium,2026-05-04T00:58
592,he,safety,208,medium,2026-04-16T02:22
593,ja,comparison,152,easy,2026-05-10T09:33
594,ja,long_tail,8,easy,2026-05-16T16:15
595,de,safety,355,medium,2026-04-16T00:54
596,de,safety,7,hard,2026-06-07T05:49
597,de,comparison,345,easy,2026-04-09T14:10
598,en,fact,444,hard,2026-06-01T09:41
599,he,comparison,376,medium,2026-04-08T15:38
600,he,comparison,348,easy,2026-04-04T01:58
601,he,fact,402,medium,2026-06-05T16:18
602,de,long_tail,165,easy,2026-04-18T05:48
603,he,procedure,331,medium,2026-06-05T08:44
604,en,fact,138,hard,2026-04-28T21:55
605,ja,procedure,258,easy,2026-06-01T17:12
606,es,comparison,206,medium,2026-06-01T14:56
607,he,safety,230,medium,2026-04-24T04:31
608,de,safety,260,hard,2026-06-03T00:31
609,fr,procedure,130,hard,2026-04-12T13:53
610,he,long_tail,424,medium,2026-04-29T14:55
611,he,long_tail,234,easy,2026-06-09T09:07
612,en,procedure,125,hard,2026-05-03T10:17
613,ja,comparison,445,medium,2026-04-09T05:43
614,es,safety,36,hard,2026-05-16T18:17
615,es,safety,220,medium,2026-04-02T05:31
616,de,comparison,139,easy,2026-04-02T12:05
617,fr,safety,185,easy,2026-05-24T04:05
618,fr,procedure,273,easy,2026-05-21T16:06
619,es,fact,79,easy,2026-04-29T04:30
620,fr,procedure,97,medium,2026-05-15T23:49
621,es,comparison,104,hard,2026-04-11T12:55
622,de,procedure,89,hard,2026-04-27T04:15
623,ja,fact,486,hard,2026-05-14T18:20
624,de,fact,428,medium,2026-06-03T10:56
625,fr,comparison,344,medium,2026-05-03T21:50
626,fr,fact,203,hard,2026-04-16T05:12
627,de,procedure,389,medium,2026-04-23T01:25
628,ja,procedure,375,medium,2026-05-29T10:30
629,en,safety,354,easy,2026-04-18T13:19
630,ja,procedure,92,medium,2026-05-28T06:18
631,fr,fact,444,easy,2026-05-11T13:20
632,fr,long_tail,468,hard,2026-05-02T15:21
633,he,long_tail,178,hard,2026-05-12T22:54
634,ja,fact,192,medium,2026-06-01T16:26
635,es,comparison,455,easy,2026-04-09T00:25
636,de,comparison,500,hard,2026-04-25T16:23
637,de,fact,58,hard,2026-06-06T08:18
638,fr,comparison,298,medium,2026-04-14T13:32
639,he,comparison,151,hard,2026-06-05T17:32
640,de,long_tail,294,easy,2026-04-21T04:29
641,he,fact,394,hard,2026-05-12T22:37
642,es,safety,166,medium,2026-04-03T15:54
643,fr,long_tail,325,medium,2026-06-08T15:39
644,ja,comparison,143,medium,2026-05-28T10:23
645,ja,fact,218,hard,2026-05-01T11:52
646,en,safety,382,hard,2026-05-13T00:14
647,he,fact,237,easy,2026-06-04T18:11
648,fr,long_tail,60,easy,2026-05-01T12:42
649,de,fact,305,medium,2026-04-16T09:47
650,he,fact,181,easy,2026-05-29T06:17
651,he,safety,386,medium,2026-06-08T07:36
652,en,fact,138,easy,2026-05-01T09:54
653,de,long_tail,122,hard,2026-04-03T17:01
654,en,long_tail,199,medium,2026-04-09T20:47
655,he,long_tail,49,hard,2026-06-03T09:18
656,en,fact,333,hard,2026-05-13T02:04
657,en,comparison,205,medium,2026-05-19T18:23
658,es,long_tail,433,hard,2026-05-01T23:31
659,ja,safety,220,medium,2026-06-07T01:28
660,ja,long_tail,74,easy,2026-04-30T21:18
661,de,long_tail,74,easy,2026-05-31T17:45
662,fr,procedure,183,medium,2026-05-18T15:36
663,fr,fact,151,hard,2026-05-12T14:27
664,de,safety,329,hard,2026-05-20T15:13
665,he,safety,208,hard,2026-04-24T04:01
666,he,safety,53,medium,2026-04-07T03:58
667,fr,safety,413,easy,2026-04-06T20:35
668,fr,long_tail,414,hard,2026-05-25T01:38
669,en,safety,163,hard,2026-05-04T00:02
670,es,fact,77,hard,2026-05-13T07:35
671,he,fact,309,easy,2026-05-24T23:04
672,de,procedure,315,medium,2026-05-26T23:28
673,he,long_tail,60,easy,2026-05-20T06:27
674,he,fact,418,hard,2026-05-30T15:30
675,en,procedure,6,medium,2026-06-02T11:51
676,en,safety,276,medium,2026-04-11T01:10
677,es,long_tail,329,hard,2026-05-14T01:22
678,he,fact,395,easy,2026-04-25T03:56
679,de,long_tail,290,hard,2026-05-24T11:02
680,en,procedure,54,hard,2026-05-14T15:22
681,fr,comparison,320,medium,2026-04-15T20:45
682,ja,safety,38,easy,2026-04-16T10:54
683,fr,comparison,26,medium,2026-04-26T10:21
684,de,fact,91,hard,2026-05-03T18:37
685,es,procedure,258,easy,2026-05-28T05:45
686,ja,procedure,369,easy,2026-05-15T13:00
687,es,long_tail,1,easy,2026-05-03T01:20
688,en,comparison,239,easy,2026-04-09T06:46
689,de,comparison,292,hard,2026-04-03T21:50
690,ja,safety,46,easy,2026-05-15T07:14
691,fr,safety,122,medium,2026-05-27T14:33
692,en,comparison,215,hard,2026-05-05T18:41
693,en,safety,172,hard,2026-05-23T13:57
694,ja,comparison,445,hard,2026-04-15T11:18
695,de,long_tail,191,hard,2026-04-01T10:52
696,he,safety,408,medium,2026-05-14T01:46
697,de,fact,495,hard,2026-04-06T19:57
698,de,fact,427,medium,2026-05-29T22:32
699,en,fact,176,medium,2026-05-14T17:22
700,de,safety,103,medium,2026-06-08T04:18
701,es,comparison,3,hard,2026-04-27T11:39
702,es,fact,77,medium,2026-05-23T11:49
703,ja,safety,169,medium,2026-04-17T18:20
704,ja,comparison,47,medium,2026-06-01T19:19
705,de,long_tail,63,medium,2026-05-14T14:56
706,en,fact,18,easy,2026-04-23T23:28
707,es,fact,475,hard,2026-04-08T17:04
708,he,long_tail,336,easy,2026-05-01T07:36
709,de,procedure,79,medium,2026-05-11T19:19
710,he,long_tail,355,hard,2026-05-11T04:58
711,de,comparison,366,hard,2026-05-01T07:45
712,fr,comparison,59,hard,2026-04-08T04:02
713,ja,comparison,393,hard,2026-04-27T09:36
714,es,safety,344,hard,2026-04-30T18:24
715,ja,fact,214,hard,2026-04-14T23:08
716,es,comparison,62,hard,2026-04-10T05:49
717,he,procedure,417,easy,2026-05-01T20:39
718,he,procedure,443,medium,2026-05-08T15:27
719,de,safety,72,hard,2026-05-13T02:10
720,fr,safety,407,medium,2026-05-04T12:57
721,de,procedure,20,easy,2026-05-24T07:10
722,fr,comparison,469,easy,2026-06-01T06:31
723,ja,comparison,212,medium,2026-04-08T21:52
724,en,comparison,123,easy,2026-05-31T06:53
725,he,comparison,109,hard,2026-05-29T21:04
726,he,safety,229,easy,2026-04-22T01:10
727,ja,fact,430,medium,2026-04-29T18:16
728,de,safety,442,medium,2026-04-03T09:13
729,es,long_tail,279,hard,2026-05-16T04:31
730,ja,long_tail,225,easy,2026-05-04T18:13
731,ja,comparison,69,hard,2026-04-17T10:44
732,es,long_tail,74,medium,2026-04-18T16:08
733,en,safety,363,easy,2026-06-01T22:58
734,es,fact,351,easy,2026-05-04T06:29
735,en,safety,277,easy,2026-05-29T14:09
736,ja,procedure,310,easy,2026-06-08T01:49
737,ja,fact,37,hard,2026-06-02T08:25
738,ja,long_tail,240,hard,2026-05-05T18:28
739,de,fact,285,easy,2026-05-14T16:25
740,ja,fact,19,hard,2026-04-18T04:31
741,he,comparison,37,easy,2026-04-10T18:57
742,en,long_tail,312,medium,2026-04-03T06:08
743,en,comparison,42,easy,2026-05-24T23:24
744,de,comparison,213,hard,2026-04-25T04:49
745,en,long_tail,464,easy,2026-05-28T01:34
746,en,fact,145,medium,2026-05-28T05:44
747,fr,long_tail,360,hard,2026-05-24T08:06
748,ja,comparison,170,medium,2026-06-07T08:20
749,en,procedure,273,medium,2026-06-09T03:50
750,fr,safety,457,easy,2026-06-04T04:39
751,es,procedure,8,hard,2026-04-16T10:18
752,en,safety,34,easy,2026-05-11T10:53
753,ja,procedure,266,medium,2026-06-05T11:12
754,ja,comparison,451,medium,2026-06-04T06:01
755,en,long_tail,195,hard,2026-04-20T05:32
756,fr,procedure,474,hard,2026-05-12T08:44
757,ja,fact,28,hard,2026-05-09T12:20
758,he,comparison,181,medium,2026-05-23T07:15
759,es,comparison,127,medium,2026-05-07T02:16
760,fr,safety,87,medium,2026-05-30T08:44
761,es,comparison,4,easy,2026-04-26T23:19
762,en,fact,41,medium,2026-05-02T06:32
763,en,safety,18,medium,2026-05-08T03:52
764,fr,long_tail,212,medium,2026-05-10T07:37
765,he,safety,409,easy,2026-05-09T02:40
766,en,safety,476,medium,2026-05-28T13:34
767,ja,safety,233,hard,2026-05-16T02:52
768,en,procedure,198,easy,2026-06-03T17:34
769,he,safety,30,medium,2026-05-27T22:17
770,fr,long_tail,243,medium,2026-05-11T03:07
771,fr,safety,177,medium,2026-05-13T10:31
772,fr,procedure,3,hard,2026-04-14T23:04
773,ja,procedure,3,easy,2026-04-20T01:52
774,en,safety,313,medium,2026-05-24T02:17
775,es,safety,257,hard,2026-04-19T22:31
776,ja,safety,464,easy,2026-04-17T11:51
777,ja,fact,474,hard,2026-04-19T19:17
778,he,long_tail,204,easy,2026-06-07T00:51
779,en,comparison,126,hard,2026-06-05T21:27
780,he,comparison,209,hard,2026-04-11T21:38
781,es,safety,484,medium,2026-04-27T20:50
782,de,procedure,155,medium,2026-05-21T06:16
783,he,safety,61,medium,2026-06-03T23:50
784,ja,fact,349,medium,2026-05-03T04:50
785,en,comparison,253,hard,2026-06-08T05:05
786,es,comparison,274,easy,2026-06-03T15:33
787,de,safety,24,medium,2026-04-11T12:31
788,en,long_tail,161,easy,2026-04-09T10:56
789,en,fact,254,medium,2026-05-30T09:46
790,es,comparison,115,easy,2026-06-03T10:18
791,he,procedure,381,medium,2026-05-13T19:47
792,en,safety,392,easy,2026-04-14T23:25
793,he,long_tail,465,hard,2026-05-16T10:19
794,de,procedure,252,easy,2026-06-08T07:37
795,en,procedure,363,medium,2026-06-06T06:24
796,fr,safety,358,hard,2026-05-22T07:52
797,en,long_tail,22,hard,2026-05-26T08:40
798,ja,comparison,282,easy,2026-04-01T05:47
799,en,procedure,33,easy,2026-05-11T08:35
800,es,fact,264,medium,2026-06-06T07:08
801,de,safety,390,medium,2026-05-30T22:09
802,fr,long_tail,457,hard,2026-04-24T07:36
803,ja,safety,162,medium,2026-04-08T07:35
804,en,long_tail,489,easy,2026-05-01T03:15
805,en,fact,333,easy,2026-05-19T22:23
806,fr,fact,189,hard,2026-05-12T06:26
807,en,safety,160,medium,2026-05-24T08:21
808,de,long_tail,322,easy,2026-06-04T19:59
809,ja,safety,107,easy,2026-04-21T12:07
810,ja,fact,393,medium,2026-04-26T13:09
811,ja,fact,185,hard,2026-06-07T14:18
812,ja,procedure,57,medium,2026-04-10T00:32
813,he,comparison,256,easy,2026-05-02T17:06
814,en,long_tail,138,easy,2026-04-06T13:46
815,he,safety,93,hard,2026-05-24T18:54
816,en,long_tail,241,medium,2026-04-05T20:16
817,he,safety,500,easy,2026-06-04T02:31
818,ja,comparison,482,easy,2026-05-17T19:13
819,he,procedure,470,easy,2026-04-08T09:35
820,fr,procedure,255,easy,2026-05-31T16:23
821,he,procedure,16,medium,2026-05-29T15:59
822,fr,long_tail,314,easy,2026-06-07T18:00
823,es,comparison,380,easy,2026-05-17T15:05
824,fr,procedure,6,medium,2026-05-04T05:17
825,en,fact,414,hard,2026-04-27T00:39
826,en,fact,37,medium,2026-04-08T01:35
827,es,fact,304,easy,2026-04-01T11:48
828,he,comparison,110,easy,2026-04-27T06:24
829,he,procedure,19,hard,2026-05-25T08:03
830,fr,procedure,29,hard,2026-04-26T22:53
831,ja,comparison,356,medium,2026-05-07T18:28
832,fr,safety,177,medium,2026-04-30T03:54
833,fr,fact,290,medium,2026-05-10T17:33
834,he,safety,224,medium,2026-04-08T00:28
835,fr,safety,181,easy,2026-06-05T10:05
836,fr,safety,236,hard,2026-05-09T15:50
837,de,safety,112,hard,2026-04-23T13:38
838,ja,safety,305,medium,2026-05-08T16:28
839,he,long_tail,325,medium,2026-05-29T23:07
840,es,fact,71,easy,2026-04-30T08:27
841,fr,fact,160,hard,2026-04-11T01:07
842,fr,comparison,416,medium,2026-05-15T09:03
843,ja,safety,310,easy,2026-04-27T06:31
844,de,procedure,305,easy,2026-05-11T19:10
845,he,long_tail,482,hard,2026-04-05T16:09
846,en,safety,415,hard,2026-06-05T19:30
847,he,safety,56,medium,2026-04-21T12:29
848,en,fact,384,hard,2026-05-14T04:09
849,de,safety,162,medium,2026-04-03T23:32
850,he,fact,15,easy,2026-05-14T12:42
851,ja,procedure,78,easy,2026-05-29T22:01
852,he,long_tail,11,easy,2026-04-10T13:32
853,fr,procedure,21,easy,2026-05-14T09:26
854,en,comparison,371,medium,2026-05-10T06:33
855,de,fact,313,hard,2026-04-06T12:40
856,en,long_tail,119,hard,2026-04-08T17:47
857,he,long_tail,294,medium,2026-04-11T09:58
858,fr,procedure,363,hard,2026-05-13T15:10
859,de,long_tail,385,hard,2026-05-12T10:31
860,de,fact,397,hard,2026-04-18T22:43
861,en,fact,148,hard,2026-05-05T07:21
862,he,long_tail,211,easy,2026-05-19T03:52
863,fr,long_tail,290,medium,2026-05-31T20:34
864,ja,safety,21,medium,2026-05-13T11:51
865,de,long_tail,195,easy,2026-04-11T00:48
866,he,procedure,305,hard,2026-05-28T00:46
867,es,comparison,366,hard,2026-04-22T19:39
868,en,fact,318,medium,2026-04-03T11:20
869,en,comparison,370,easy,2026-04-01T02:47
870,de,procedure,157,easy,2026-05-04T06:03
871,es,comparison,269,easy,2026-05-06T00:00
872,es,comparison,25,easy,2026-05-24T20:59
873,de,fact,86,easy,2026-04-20T03:58
874,en,fact,193,hard,2026-05-22T12:39
875,he,comparison,371,medium,2026-06-06T19:46
876,he,safety,375,hard,2026-04-20T01:02
877,en,comparison,229,medium,2026-05-06T12:10
878,ja,comparison,273,hard,2026-04-27T06:11
879,es,safety,44,hard,2026-04-04T06:09
880,he,long_tail,334,medium,2026-05-01T03:38
881,ja,fact,130,hard,2026-05-04T09:35
882,he,safety,177,hard,2026-06-01T08:40
883,en,comparison,87,medium,2026-04-24T03:34
884,en,safety,316,medium,2026-04-17T08:26
885,he,safety,23,medium,2026-04-15T20:29
886,fr,fact,337,hard,2026-05-08T15:47
887,ja,procedure,155,hard,2026-04-30T12:34
888,de,procedure,445,hard,2026-04-07T12:49
889,he,procedure,3,easy,2026-04-03T04:22
890,en,comparison,425,hard,2026-04-26T18:53
891,he,safety,200,hard,2026-04-25T00:42
892,fr,safety,177,medium,2026-04-11T16:30
893,ja,fact,404,hard,2026-04-03T09:43
894,ja,long_tail,352,medium,2026-04-28T11:02
895,ja,long_tail,414,easy,2026-04-18T21:23
896,es,fact,5,hard,2026-04-10T11:14
897,fr,long_tail,465,hard,2026-04-22T06:20
898,en,procedure,267,medium,2026-05-02T17:00
899,en,comparison,123,medium,2026-06-07T16:02
900,en,long_tail,122,medium,2026-04-17T08:38
901,de,fact,144,medium,2026-05-31T01:49
902,fr,long_tail,154,hard,2026-04-23T21:27
903,es,long_tail,21,hard,2026-05-11T18:19
904,ja,fact,32,hard,2026-05-16T10:53
905,en,procedure,459,easy,2026-05-21T06:42
906,ja,safety,63,medium,2026-04-23T20:11
907,ja,safety,189,easy,2026-04-21T20:39
908,es,procedure,81,easy,2026-05-27T23:09
909,en,fact,45,hard,2026-05-26T12:57
910,fr,comparison,35,medium,2026-04-02T18:06
911,he,comparison,445,medium,2026-04-24T22:32
912,fr,long_tail,112,hard,2026-04-06T09:48
913,es,long_tail,224,medium,2026-05-22T04:09
914,ja,procedure,123,easy,2026-05-18T12:17
915,fr,comparison,42,easy,2026-04-18T05:00
916,fr,procedure,187,medium,2026-04-28T08:45
917,de,comparison,64,easy,2026-04-17T18:53
918,es,comparison,37,medium,2026-06-03T23:00
919,fr,comparison,205,hard,2026-04-29T20:48
920,he,safety,46,medium,2026-05-30T12:44
921,en,fact,57,medium,2026-05-26T09:55
922,en,procedure,36,easy,2026-04-07T11:52
923,de,comparison,169,hard,2026-04-11T05:04
924,es,long_tail,458,medium,2026-05-06T23:31
925,es,fact,299,easy,2026-04-23T19:18
926,es,safety,10,medium,2026-05-06T03:14
927,he,safety,232,hard,2026-04-25T19:27
928,de,comparison,184,medium,2026-04-02T02:27
929,fr,comparison,55,medium,2026-04-12T08:56
930,fr,procedure,138,easy,2026-05-10T02:41
931,es,procedure,361,hard,2026-05-01T05:15
932,es,safety,252,hard,2026-05-23T09:57
933,he,long_tail,310,easy,2026-05-23T05:01
934,de,safety,122,medium,2026-05-20T12:44
935,ja,comparison,408,medium,2026-04-25T10:17
936,es,fact,288,hard,2026-04-29T01:06
937,he,procedure,93,medium,2026-05-29T13:25
938,es,long_tail,449,hard,2026-04-02T16:30
939,fr,fact,242,hard,2026-05-15T19:34
940,es,fact,430,medium,2026-05-10T07:59
941,de,comparison,208,hard,2026-05-21T03:39
942,he,fact,354,hard,2026-04-16T14:35
943,ja,procedure,72,medium,2026-04-14T00:37
944,en,comparison,300,easy,2026-05-02T05:34
945,fr,procedure,237,easy,2026-05-19T05:51
946,es,fact,430,easy,2026-04-22T04:08
947,fr,long_tail,215,easy,2026-04-20T13:09
948,en,fact,284,medium,2026-05-31T20:22
949,es,long_tail,370,medium,2026-04-15T01:28
950,ja,fact,44,hard,2026-04-25T07:32
951,en,fact,224,hard,2026-04-18T16:35
952,en,comparison,446,easy,2026-05-21T11:38
953,fr,safety,216,hard,2026-04-04T16:49
954,es,long_tail,466,medium,2026-04-26T16:37
955,es,fact,90,hard,2026-04-13T21:02
956,ja,comparison,115,hard,2026-05-22T16:21
957,en,long_tail,215,easy,2026-05-30T01:26
958,he,safety,162,easy,2026-05-30T13:45
959,de,procedure,423,hard,2026-04-25T05:48
960,fr,procedure,494,medium,2026-04-06T06:00
961,he,safety,284,medium,2026-05-29T17:24
962,ja,fact,490,medium,2026-04-28T13:46
963,ja,long_tail,10,medium,2026-06-06T20:58
964,en,comparison,372,hard,2026-05-21T13:02
965,he,procedure,51,easy,2026-04-17T11:02
966,es,long_tail,186,medium,2026-05-22T15:14
967,es,long_tail,156,medium,2026-04-21T15:58
968,de,fact,172,medium,2026-04-08T01:27
969,en,fact,408,medium,2026-04-10T05:41
970,de,comparison,186,easy,2026-04-29T05:53
971,en,comparison,106,hard,2026-04-03T05:15
972,es,long_tail,348,medium,2026-04-27T06:20
973,he,procedure,12,hard,2026-04-08T05:07
974,en,procedure,296,medium,2026-05-24T20:14
975,he,long_tail,365,hard,2026-06-06T01:45
976,de,long_tail,235,medium,2026-05-01T04:36
977,en,long_tail,74,hard,2026-05-25T21:59
978,es,fact,481,easy,2026-05-21T03:52
979,ja,long_tail,246,easy,2026-04-14T00:32
980,de,safety,200,hard,2026-05-28T12:23
981,ja,safety,33,easy,2026-04-06T18:01
982,es,fact,427,easy,2026-05-24T03:45
983,he,long_tail,445,medium,2026-05-08T04:13
984,he,safety,212,hard,2026-05-16T20:49
985,en,procedure,24,hard,2026-04-25T15:07
986,fr,comparison,337,easy,2026-05-26T06:50
987,en,fact,36,medium,2026-05-12T15:08
988,fr,comparison,173,hard,2026-05-17T01:52
989,de,procedure,210,hard,2026-05-29T21:11
990,en,comparison,149,easy,2026-04-15T01:04
991,es,fact,95,hard,2026-05-24T15:57
992,ja,fact,213,medium,2026-04-25T08:19
993,he,procedure,355,easy,2026-05-13T02:51
994,de,procedure,428,medium,2026-04-24T17:57
995,en,fact,17,easy,2026-05-14T18:15
996,fr,long_tail,92,hard,2026-04-13T17:15
997,es,comparison,4,easy,2026-05-14T19:13
998,fr,safety,105,medium,2026-05-20T01:23
999,en,procedure,484,hard,2026-05-16T23:50
1000,fr,safety,79,easy,2026-05-10T19:00
1001,ja,comparison,272,hard,2026-05-28T04:15
1002,fr,safety,253,medium,2026-05-03T17:26
1003,de,fact,135,medium,2026-04-18T06:07
1004,fr,fact,90,medium,2026-05-10T22:58
1005,es,comparison,207,hard,2026-04-17T16:08
1006,de,safety,469,easy,2026-05-09T07:55
1007,he,fact,408,medium,2026-06-07T06:25
1008,de,comparison,146,medium,2026-06-08T06:07
1009,ja,fact,300,medium,2026-04-24T02:47
1010,de,comparison,292,hard,2026-05-23T06:08
1011,ja,long_tail,432,easy,2026-04-08T11:47
1012,de,comparison,366,easy,2026-04-01T18:54
1013,fr,comparison,391,hard,2026-04-21T04:36
1014,en,comparison,363,medium,2026-04-25T19:48
1015,fr,safety,305,easy,2026-04-27T19:27
1016,ja,procedure,434,hard,2026-05-24T18:02
1017,he,comparison,373,hard,2026-06-09T01:58
1018,en,procedure,45,hard,2026-04-28T11:35
1019,ja,safety,432,easy,2026-05-30T22:06
1020,he,comparison,83,hard,2026-04-13T11:21
1021,en,long_tail,353,easy,2026-05-14T22:59
1022,fr,fact,249,medium,2026-05-30T04:20
1023,en,long_tail,234,medium,2026-06-04T03:26
1024,ja,safety,465,medium,2026-04-01T05:27
1025,es,fact,470,easy,2026-05-31T12:19
1026,de,safety,434,hard,2026-04-14T04:18
1027,en,comparison,47,hard,2026-04-11T19:55
1028,es,procedure,219,easy,2026-04-18T20:21
1029,es,procedure,280,easy,2026-04-07T18:45
1030,ja,long_tail,120,easy,2026-05-04T20:04
1031,he,procedure,74,easy,2026-05-04T12:02
1032,de,procedure,159,hard,2026-05-30T22:02
1033,fr,safety,37,medium,2026-05-06T03:30
1034,fr,procedure,15,hard,2026-04-23T12:40
1035,es,long_tail,192,medium,2026-05-23T19:01
1036,he,procedure,175,medium,2026-06-04T04:26
1037,he,long_tail,274,medium,2026-04-19T12:16
1038,he,procedure,298,medium,2026-05-20T04:42
1039,de,safety,122,medium,2026-06-03T11:18
1040,ja,procedure,67,medium,2026-05-19T15:23
1041,es,procedure,194,medium,2026-04-04T02:42
1042,en,comparison,324,medium,2026-06-03T19:44
1043,ja,long_tail,98,medium,2026-04-26T19:47
1044,de,safety,281,medium,2026-05-12T06:19
1045,en,fact,225,medium,2026-04-16T04:33
1046,de,procedure,157,hard,2026-04-13T23:30
1047,he,fact,32,medium,2026-04-13T12:24
1048,fr,comparison,421,medium,2026-04-15T18:48
1049,ja,procedure,371,hard,2026-04-14T18:56
1050,he,long_tail,115,medium,2026-04-22T12:14
1051,he,fact,166,easy,2026-05-07T00:16
1052,fr,comparison,99,hard,2026-05-21T10:26
1053,es,procedure,169,easy,2026-04-23T18:11
1054,es,safety,156,hard,2026-04-24T11:42
1055,de,procedure,88,medium,2026-06-06T05:00
1056,ja,procedure,60,easy,2026-04-18T01:15
1057,he,comparison,362,hard,2026-05-06T18:36
1058,de,comparison,185,easy,2026-05-08T21:53
1059,en,comparison,489,hard,2026-06-07T22:02
1060,en,procedure,18,easy,2026-04-18T13:38
1061,ja,comparison,336,hard,2026-05-30T03:16
1062,ja,fact,49,easy,2026-04-22T09:55
1063,fr,safety,53,easy,2026-04-12T14:22
1064,he,long_tail,331,easy,2026-05-26T07:01
1065,en,fact,296,medium,2026-04-03T11:23
1066,ja,procedure,410,medium,2026-05-14T21:54
1067,he,safety,391,easy,2026-04-15T19:34
1068,fr,comparison,202,hard,2026-06-01T21:50
1069,ja,safety,387,medium,2026-05-13T00:35
1070,de,procedure,231,easy,2026-05-29T09:24
1071,en,long_tail,468,medium,2026-05-29T09:00
1072,es,safety,11,easy,2026-05-20T03:47
1073,he,procedure,472,hard,2026-04-06T17:08
1074,de,comparison,328,easy,2026-06-03T17:24
1075,de,long_tail,373,hard,2026-05-27T14:39
1076,es,long_tail,122,medium,2026-05-06T22:52
1077,es,safety,285,hard,2026-05-29T19:37
1078,he,safety,486,medium,2026-05-14T11:59
1079,en,comparison,290,medium,2026-04-21T02:44
1080,de,procedure,306,hard,2026-04-04T23:39
1081,he,procedure,86,easy,2026-05-10T02:34
1082,fr,procedure,474,hard,2026-05-13T17:39
1083,he,comparison,244,medium,2026-05-18T22:23
1084,ja,long_tail,120,easy,2026-05-26T11:42
1085,ja,procedure,64,hard,2026-05-13T00:15
1086,es,safety,335,hard,2026-05-30T20:01
1087,fr,comparison,321,easy,2026-04-16T04:26
1088,es,comparison,196,hard,2026-04-07T06:54
1089,de,long_tail,200,medium,2026-04-26T23:46
1090,es,long_tail,463,medium,2026-05-30T14:12
1091,he,procedure,325,medium,2026-04-15T13:36
1092,es,procedure,453,easy,2026-05-29T00:44
1093,fr,comparison,298,medium,2026-04-19T03:07
1094,en,fact,119,medium,2026-05-16T10:37
1095,ja,fact,309,easy,2026-05-18T06:03
1096,fr,procedure,113,medium,2026-04-17T03:34
1097,de,fact,165,hard,2026-05-14T23:59
1098,es,fact,266,hard,2026-04-06T18:39
1099,en,safety,417,medium,2026-04-07T20:56
1100,es,comparison,211,hard,2026-05-25T10:23
1101,fr,fact,37,medium,2026-04-05T00:29
1102,he,comparison,123,hard,2026-05-14T08:50
1103,fr,fact,288,medium,2026-04-14T12:52
1104,de,comparison,106,easy,2026-05-14T21:02
1105,es,fact,107,medium,2026-05-21T12:45
1106,es,safety,8,easy,2026-04-05T13:20
1107,de,fact,229,hard,2026-06-05T22:47
1108,fr,long_tail,326,medium,2026-04-09T13:35
1109,ja,procedure,218,medium,2026-05-15T21:51
1110,he,fact,210,hard,2026-05-16T06:59
1111,en,fact,370,easy,2026-06-03T22:08
1112,he,comparison,50,hard,2026-04-18T02:24
1113,de,fact,415,medium,2026-04-25T10:50
1114,ja,fact,468,medium,2026-04-08T03:29
1115,fr,safety,389,hard,2026-05-26T03:32
1116,en,safety,423,hard,2026-04-15T05:34
1117,en,safety,64,medium,2026-05-17T22:12
1118,fr,comparison,334,medium,2026-04-12T09:46
1119,he,procedure,183,medium,2026-05-16T19:56
1120,ja,comparison,377,easy,2026-05-23T11:32
1121,fr,fact,494,medium,2026-06-05T23:23
1122,ja,procedure,358,medium,2026-04-06T16:12
1123,he,safety,366,easy,2026-05-03T15:40
1124,de,long_tail,490,medium,2026-04-30T13:56
1125,ja,fact,350,easy,2026-05-05T00:39
1126,fr,long_tail,120,easy,2026-04-07T03:08
1127,es,procedure,360,medium,2026-04-26T05:23
1128,he,comparison,214,easy,2026-04-09T05:44
1129,fr,procedure,136,hard,2026-04-28T03:28
1130,ja,long_tail,55,hard,2026-04-15T22:37
1131,de,long_tail,33,easy,2026-04-29T22:26
1132,es,fact,345,medium,2026-04-16T09:32
1133,ja,long_tail,30,easy,2026-04-09T17:04
1134,ja,comparison,339,hard,2026-04-26T02:32
1135,he,procedure,138,medium,2026-05-26T13:18
1136,fr,procedure,172,medium,2026-04-01T15:09
1137,ja,safety,400,medium,2026-04-29T15:27
1138,es,safety,456,medium,2026-04-24T05:06
1139,de,comparison,98,hard,2026-05-25T21:50
1140,en,procedure,156,hard,2026-05-28T13:25
1141,fr,fact,277,easy,2026-04-27T21:47
1142,fr,comparison,188,hard,2026-04-12T18:57
1143,fr,fact,123,easy,2026-06-03T08:49
1144,fr,fact,46,easy,2026-04-22T19:03
1145,en,comparison,205,easy,2026-06-01T05:25
1146,de,procedure,258,hard,2026-05-03T13:31
1147,es,fact,250,medium,2026-05-22T04:10
1148,en,long_tail,75,hard,2026-05-17T19:45
1149,fr,long_tail,189,easy,2026-05-22T04:19
1150,he,safety,394,medium,2026-06-04T15:23
1151,es,fact,141,medium,2026-05-01T07:46
1152,de,comparison,110,hard,2026-06-06T16:02
1153,es,safety,139,medium,2026-04-21T19:18
1154,he,comparison,437,easy,2026-05-23T19:42
1155,fr,long_tail,53,easy,2026-04-17T04:39
1156,fr,long_tail,444,easy,2026-06-06T02:57
1157,he,fact,24,easy,2026-04-29T21:18
1158,de,long_tail,426,easy,2026-05-19T15:52
1159,en,fact,389,hard,2026-05-16T07:20
1160,fr,comparison,438,easy,2026-04-27T19:56
1161,ja,safety,178,easy,2026-06-02T20:42
1162,es,comparison,39,medium,2026-04-14T15:58
1163,es,fact,259,hard,2026-05-15T00:04
1164,he,procedure,1,hard,2026-04-25T12:15
1165,en,comparison,115,hard,2026-05-30T20:58
1166,es,safety,263,hard,2026-04-06T19:59
1167,en,safety,139,medium,2026-06-06T03:21
1168,ja,safety,229,hard,2026-06-02T22:00
1169,en,long_tail,117,hard,2026-05-15T17:36
1170,he,long_tail,356,hard,2026-05-02T10:25
1171,es,fact,340,hard,2026-05-28T11:26
1172,ja,procedure,269,medium,2026-05-18T20:31
1173,fr,comparison,97,medium,2026-05-15T09:01
1174,he,procedure,13,hard,2026-04-03T18:44
1175,fr,safety,53,medium,2026-06-02T08:06
1176,en,procedure,278,medium,2026-06-04T12:29
1177,he,comparison,178,hard,2026-06-01T23:10
1178,fr,comparison,170,easy,2026-04-28T03:02
1179,he,comparison,476,easy,2026-06-08T02:45
1180,de,procedure,345,hard,2026-04-04T13:26
1181,es,long_tail,489,medium,2026-04-27T17:07
1182,en,safety,203,medium,2026-04-14T09:50
1183,fr,long_tail,305,easy,2026-05-03T18:38
1184,ja,long_tail,481,easy,2026-05-23T21:17
1185,de,comparison,353,easy,2026-04-07T13:35
1186,en,long_tail,400,medium,2026-04-18T20:41
1187,en,long_tail,387,easy,2026-05-09T06:34
1188,he,safety,284,easy,2026-06-05T05:11
1189,he,long_tail,500,easy,2026-05-28T19:15
1190,fr,comparison,281,hard,2026-05-05T10:19
1191,es,long_tail,69,hard,2026-06-09T05:26
1192,es,comparison,494,easy,2026-05-04T01:44
1193,es,long_tail,312,hard,2026-05-21T08:28
1194,de,comparison,44,easy,2026-04-29T23:12
1195,ja,fact,487,medium,2026-06-07T03:39
1196,ja,procedure,72,hard,2026-05-25T03:47
1197,es,procedure,317,medium,2026-05-05T21:04
1198,es,safety,442,medium,2026-04-07T16:08
1199,de,long_tail,320,medium,2026-05-02T21:20
1200,es,fact,269,medium,2026-05-06T06:50
