stream_id,user_id,title_id,stream_start_ts,watch_minutes,completed,device_type
1,684,148,"2026-07-16 06:59:00",24,0,Tablet
2,587,144,"2026-05-17 03:45:00",68,1,"Smart TV"
3,245,63,"2026-06-19 21:13:00",43,0,Tablet
4,702,98,"2026-05-30 19:32:00",33,0,"Fire TV"
5,864,93,"2026-07-16 11:10:00",120,1,"Smart TV"
6,707,47,"2026-05-29 12:23:00",74,0,"Smart TV"
7,360,57,"2026-07-06 00:26:00",110,1,Tablet
8,812,139,"2026-06-28 13:33:00",49,0,"Smart TV"
9,483,12,"2026-05-23 02:22:00",29,0,Tablet
10,813,55,"2026-07-09 13:41:00",68,1,Mobile
11,714,95,"2026-06-20 09:01:00",37,0,"Fire TV"
12,608,73,"2026-06-07 21:31:00",8,0,"Smart TV"
13,780,139,"2026-06-16 04:59:00",104,0,"Smart TV"
14,446,65,"2026-05-31 10:33:00",92,1,Mobile
15,648,92,"2026-07-28 19:22:00",25,0,"Smart TV"
16,754,15,"2026-06-16 20:46:00",17,0,"Fire TV"
17,920,69,"2026-06-15 20:06:00",18,0,"Smart TV"
18,165,138,"2026-05-26 23:17:00",81,0,Tablet
19,750,123,"2026-07-21 22:37:00",28,0,"Fire TV"
20,623,50,"2026-06-23 02:45:00",39,0,"Fire TV"
21,705,93,"2026-05-09 17:31:00",42,0,Mobile
22,215,34,"2026-07-29 07:28:00",26,0,"Fire TV"
23,943,53,"2026-06-23 11:56:00",39,0,Web
24,504,27,"2026-06-06 02:10:00",36,0,"Fire TV"
25,632,91,"2026-07-09 18:40:00",25,0,"Fire TV"
26,58,63,"2026-05-23 13:04:00",32,0,"Fire TV"
27,305,147,"2026-06-06 14:29:00",33,1,"Smart TV"
28,781,14,"2026-06-28 09:15:00",44,0,Web
29,174,129,"2026-06-14 20:47:00",14,0,"Fire TV"
30,183,62,"2026-07-27 20:22:00",74,0,"Smart TV"
31,831,95,"2026-06-25 21:04:00",18,0,"Smart TV"
32,81,67,"2026-07-19 08:04:00",61,0,Mobile
33,998,93,"2026-07-02 20:52:00",92,0,"Fire TV"
34,986,29,"2026-07-28 17:30:00",135,1,"Fire TV"
35,511,26,"2026-05-15 01:03:00",82,1,Mobile
36,801,104,"2026-07-10 13:57:00",13,0,Tablet
37,108,84,"2026-06-17 00:13:00",68,0,"Smart TV"
38,526,136,"2026-05-11 18:11:00",54,0,Web
39,334,47,"2026-05-03 11:24:00",89,0,"Fire TV"
40,173,63,"2026-06-18 22:34:00",40,0,Web
41,289,12,"2026-05-15 16:45:00",59,0,"Smart TV"
42,777,72,"2026-07-01 22:50:00",4,0,Mobile
43,546,115,"2026-05-29 19:03:00",65,1,"Fire TV"
44,64,114,"2026-05-05 23:42:00",92,0,Web
45,348,7,"2026-06-11 08:02:00",92,1,Tablet
46,660,21,"2026-07-11 13:02:00",94,0,Mobile
47,734,118,"2026-05-26 02:00:00",96,0,"Smart TV"
48,740,56,"2026-07-22 17:19:00",31,0,"Smart TV"
49,462,43,"2026-05-24 00:20:00",40,0,"Smart TV"
50,140,84,"2026-07-01 00:23:00",32,0,"Smart TV"
51,109,92,"2026-05-30 10:32:00",30,0,Tablet
52,733,121,"2026-05-18 19:43:00",135,1,"Smart TV"
53,215,102,"2026-07-03 15:20:00",32,0,Web
54,751,111,"2026-05-16 12:48:00",21,0,"Smart TV"
55,924,105,"2026-06-10 02:47:00",69,0,Tablet
56,826,26,"2026-05-01 07:00:00",53,0,Web
57,666,98,"2026-05-26 01:29:00",95,0,Mobile
58,820,81,"2026-05-12 04:48:00",100,0,"Fire TV"
59,215,26,"2026-06-30 07:49:00",76,1,Tablet
60,267,98,"2026-06-29 03:39:00",1,0,Mobile
61,372,86,"2026-07-10 19:46:00",55,0,"Fire TV"
62,718,147,"2026-07-18 18:39:00",17,0,"Smart TV"
63,266,3,"2026-07-02 12:21:00",30,0,Web
64,321,24,"2026-06-27 18:37:00",53,1,Tablet
65,140,123,"2026-06-15 07:41:00",26,0,Tablet
66,783,103,"2026-06-15 16:19:00",23,0,Mobile
67,780,52,"2026-06-18 13:51:00",50,0,Web
68,917,94,"2026-06-10 19:59:00",101,1,"Fire TV"
69,838,101,"2026-07-02 13:37:00",101,1,Tablet
70,141,4,"2026-06-24 22:14:00",11,0,"Fire TV"
71,981,28,"2026-06-19 08:54:00",16,0,Web
72,113,58,"2026-05-10 06:25:00",66,0,"Fire TV"
73,400,115,"2026-07-05 15:57:00",36,0,Mobile
74,510,138,"2026-06-18 14:18:00",56,0,Tablet
75,344,8,"2026-05-22 19:21:00",52,0,"Fire TV"
76,166,18,"2026-05-26 12:09:00",41,0,Web
77,940,34,"2026-06-10 03:01:00",1,0,Tablet
78,940,102,"2026-07-09 22:30:00",52,0,"Smart TV"
79,976,109,"2026-05-25 13:43:00",86,1,"Smart TV"
80,593,38,"2026-05-30 11:16:00",57,0,"Smart TV"
81,217,58,"2026-07-10 17:21:00",144,1,"Smart TV"
82,594,27,"2026-05-11 02:25:00",102,1,"Fire TV"
83,328,51,"2026-05-18 22:56:00",76,0,Web
84,961,27,"2026-05-03 16:11:00",80,0,Mobile
85,957,14,"2026-05-24 15:29:00",30,0,Web
86,856,63,"2026-06-30 00:45:00",92,1,"Fire TV"
87,488,136,"2026-06-11 05:04:00",88,0,Web
88,225,30,"2026-05-05 20:11:00",87,0,Tablet
89,176,53,"2026-06-01 15:33:00",32,0,Mobile
90,146,4,"2026-06-30 15:00:00",18,0,Mobile
91,644,119,"2026-06-19 16:34:00",15,0,"Smart TV"
92,363,110,"2026-06-12 11:24:00",27,1,"Fire TV"
93,842,75,"2026-06-21 11:19:00",7,0,Tablet
94,206,30,"2026-05-07 02:55:00",56,0,"Fire TV"
95,715,28,"2026-06-12 05:41:00",29,0,"Fire TV"
96,882,129,"2026-05-20 04:38:00",21,0,Tablet
97,829,50,"2026-05-08 20:12:00",47,1,Tablet
98,394,127,"2026-05-02 17:15:00",58,0,"Smart TV"
99,479,61,"2026-05-13 00:16:00",39,0,"Fire TV"
100,631,71,"2026-06-02 22:18:00",11,0,Web
101,919,96,"2026-06-12 20:31:00",19,0,"Fire TV"
102,621,67,"2026-07-12 10:38:00",72,0,Tablet
103,507,51,"2026-07-21 22:03:00",59,0,"Fire TV"
104,772,28,"2026-07-24 03:54:00",7,0,Mobile
105,933,96,"2026-05-31 04:22:00",25,0,"Smart TV"
106,833,97,"2026-06-29 15:41:00",70,0,"Fire TV"
107,622,70,"2026-05-04 01:32:00",33,0,"Fire TV"
108,867,31,"2026-05-06 02:32:00",93,1,Tablet
109,686,16,"2026-05-06 22:09:00",19,0,"Smart TV"
110,658,49,"2026-07-08 00:49:00",20,0,Web
111,675,9,"2026-05-30 08:18:00",13,0,Web
112,408,20,"2026-06-28 18:19:00",129,1,Web
113,630,117,"2026-06-09 14:12:00",13,0,Web
114,354,118,"2026-07-02 17:11:00",138,1,Tablet
115,256,43,"2026-06-21 19:56:00",59,0,Mobile
116,730,52,"2026-05-30 09:07:00",27,0,Tablet
117,34,103,"2026-06-27 00:25:00",5,0,"Fire TV"
118,667,63,"2026-05-21 19:05:00",44,0,Web
119,205,56,"2026-06-26 05:22:00",57,0,"Smart TV"
120,93,130,"2026-06-02 18:20:00",1,0,"Smart TV"
121,17,71,"2026-07-06 09:57:00",9,0,Mobile
122,340,8,"2026-07-20 21:58:00",37,0,Tablet
123,27,140,"2026-05-12 11:58:00",35,0,"Smart TV"
124,337,108,"2026-06-30 17:17:00",100,0,Mobile
125,39,103,"2026-07-14 00:31:00",17,0,"Smart TV"
126,55,92,"2026-06-23 11:22:00",18,0,Mobile
127,97,135,"2026-05-24 11:22:00",68,1,"Fire TV"
128,145,62,"2026-07-27 10:14:00",111,1,Tablet
129,847,59,"2026-06-03 20:23:00",38,0,Tablet
130,229,19,"2026-06-28 00:56:00",29,0,Web
131,295,143,"2026-05-15 16:00:00",17,0,Web
132,112,139,"2026-06-29 08:55:00",66,0,"Smart TV"
133,180,75,"2026-05-28 14:43:00",44,0,Tablet
134,24,33,"2026-07-13 09:31:00",29,0,Mobile
135,109,32,"2026-05-06 02:48:00",79,0,Mobile
136,607,16,"2026-06-10 06:45:00",25,0,Tablet
137,671,65,"2026-05-26 15:03:00",49,0,"Fire TV"
138,434,3,"2026-05-28 03:35:00",11,0,"Fire TV"
139,378,37,"2026-05-29 17:01:00",62,0,"Fire TV"
140,660,73,"2026-05-30 11:53:00",25,0,"Smart TV"
141,66,18,"2026-05-13 17:48:00",43,0,"Fire TV"
142,505,7,"2026-06-30 22:52:00",61,0,Mobile
143,864,65,"2026-05-20 17:49:00",38,0,Web
144,116,23,"2026-07-05 23:24:00",110,0,Mobile
145,770,127,"2026-07-01 12:26:00",98,1,"Smart TV"
146,696,126,"2026-07-28 22:31:00",35,1,Tablet
147,887,150,"2026-07-16 23:24:00",74,0,"Fire TV"
148,920,95,"2026-06-27 19:01:00",1,0,"Fire TV"
149,942,63,"2026-07-22 12:49:00",59,0,Web
150,295,128,"2026-07-10 08:55:00",38,0,"Fire TV"
151,275,33,"2026-07-11 08:42:00",48,0,Web
152,504,112,"2026-07-11 21:04:00",68,0,"Smart TV"
153,820,6,"2026-06-05 09:42:00",37,0,Web
154,171,134,"2026-05-07 01:57:00",74,0,Web
155,22,129,"2026-06-15 22:26:00",27,0,Web
156,418,43,"2026-06-15 19:20:00",37,0,Web
157,199,80,"2026-07-23 22:12:00",42,0,Tablet
158,905,39,"2026-06-08 20:37:00",71,0,Web
159,345,41,"2026-06-24 10:31:00",65,0,"Smart TV"
160,919,24,"2026-07-25 01:14:00",22,0,Web
161,864,94,"2026-07-01 19:01:00",53,0,"Fire TV"
162,67,119,"2026-06-25 04:20:00",33,0,"Fire TV"
163,159,10,"2026-05-08 05:44:00",56,0,Web
164,426,24,"2026-06-14 07:54:00",35,0,Tablet
165,508,72,"2026-07-22 14:21:00",9,0,Web
166,15,110,"2026-05-08 06:11:00",20,0,Mobile
167,34,82,"2026-05-23 09:32:00",26,1,Web
168,127,47,"2026-06-22 11:28:00",51,0,Tablet
169,103,104,"2026-07-08 11:28:00",16,0,Tablet
170,726,33,"2026-05-16 10:07:00",29,0,Tablet
171,193,63,"2026-06-14 14:14:00",44,0,"Smart TV"
172,701,108,"2026-05-10 21:17:00",79,0,Mobile
173,857,114,"2026-05-26 09:54:00",88,0,Tablet
174,96,67,"2026-05-24 18:34:00",26,0,Mobile
175,44,81,"2026-06-04 13:01:00",93,0,"Smart TV"
176,996,35,"2026-06-12 09:18:00",16,0,Web
177,244,123,"2026-07-18 12:54:00",11,0,"Fire TV"
178,77,21,"2026-06-30 20:13:00",108,0,"Fire TV"
179,627,72,"2026-05-08 07:05:00",18,0,Tablet
180,950,21,"2026-06-12 06:22:00",113,1,"Fire TV"
181,759,128,"2026-06-30 17:59:00",43,0,Tablet
182,506,10,"2026-07-11 23:16:00",66,0,Mobile
183,400,98,"2026-07-06 05:44:00",96,0,Web
184,958,85,"2026-06-20 17:58:00",50,1,Tablet
185,135,30,"2026-07-12 18:27:00",24,0,"Smart TV"
186,979,26,"2026-07-06 17:07:00",50,0,Tablet
187,619,150,"2026-06-09 22:47:00",81,0,Tablet
188,659,148,"2026-05-16 05:59:00",32,1,Tablet
189,118,38,"2026-06-06 05:16:00",67,1,"Smart TV"
190,478,36,"2026-05-05 20:56:00",4,0,Mobile
191,107,39,"2026-07-09 14:02:00",35,0,Mobile
192,945,87,"2026-07-18 06:25:00",44,0,"Fire TV"
193,266,20,"2026-07-20 20:24:00",92,0,Mobile
194,201,131,"2026-05-04 20:54:00",26,0,"Fire TV"
195,413,107,"2026-06-08 17:54:00",70,0,"Smart TV"
196,787,142,"2026-05-07 04:27:00",86,0,Web
197,570,75,"2026-05-10 07:14:00",47,0,Web
198,926,139,"2026-07-16 20:17:00",56,0,Web
199,553,45,"2026-05-06 14:54:00",55,0,Mobile
200,588,57,"2026-05-25 05:02:00",69,0,"Smart TV"
201,419,68,"2026-07-17 14:58:00",81,0,Mobile
202,239,129,"2026-05-30 12:39:00",28,0,Web
203,986,64,"2026-07-15 06:14:00",57,0,Tablet
204,218,43,"2026-05-14 06:17:00",35,0,"Fire TV"
205,65,134,"2026-06-05 03:22:00",86,0,"Smart TV"
206,920,145,"2026-05-11 18:45:00",21,0,"Smart TV"
207,185,93,"2026-06-11 06:49:00",120,1,"Smart TV"
208,617,48,"2026-07-11 09:00:00",74,1,Mobile
209,482,46,"2026-06-15 19:18:00",1,0,Mobile
210,61,90,"2026-07-25 19:57:00",26,0,Tablet
211,506,80,"2026-07-06 12:15:00",73,1,"Fire TV"
212,922,145,"2026-06-02 12:38:00",69,0,"Fire TV"
213,439,12,"2026-06-16 02:32:00",35,0,Web
214,703,146,"2026-06-01 00:00:00",26,0,Tablet
215,584,74,"2026-05-28 22:12:00",6,0,Web
216,336,3,"2026-05-20 20:21:00",42,0,Web
217,728,51,"2026-07-03 19:38:00",76,0,Mobile
218,288,33,"2026-05-08 04:44:00",37,0,Tablet
219,827,41,"2026-07-15 12:58:00",74,0,Tablet
220,810,122,"2026-05-05 02:42:00",42,0,"Fire TV"
221,805,149,"2026-06-27 23:24:00",24,0,Web
222,107,3,"2026-07-21 09:41:00",26,0,"Fire TV"
223,727,106,"2026-06-03 17:36:00",11,0,"Smart TV"
224,952,17,"2026-05-14 12:19:00",106,1,"Fire TV"
225,570,67,"2026-07-14 06:47:00",71,0,Tablet
226,643,49,"2026-06-11 02:02:00",14,0,"Fire TV"
227,945,85,"2026-05-02 01:50:00",19,0,"Fire TV"
228,120,19,"2026-05-30 08:51:00",9,0,Tablet
229,548,58,"2026-07-04 02:45:00",107,0,Web
230,60,100,"2026-05-29 03:59:00",47,0,Tablet
231,433,105,"2026-05-02 21:54:00",67,0,Mobile
232,312,17,"2026-07-09 14:19:00",84,0,"Smart TV"
233,808,95,"2026-07-23 07:19:00",11,0,Tablet
234,515,84,"2026-06-14 12:48:00",91,0,Tablet
235,490,49,"2026-05-27 15:21:00",14,0,"Smart TV"
236,350,14,"2026-06-25 11:57:00",1,0,Web
237,895,41,"2026-06-17 14:50:00",105,1,"Smart TV"
238,877,129,"2026-07-05 06:48:00",25,0,"Smart TV"
239,62,2,"2026-06-27 00:55:00",36,0,Web
240,263,18,"2026-07-14 08:59:00",83,1,Web
241,240,55,"2026-06-06 20:05:00",39,0,Tablet
242,138,2,"2026-05-25 10:54:00",48,0,Web
243,799,61,"2026-06-05 13:59:00",33,0,"Fire TV"
244,348,120,"2026-06-13 07:33:00",101,0,Tablet
245,195,9,"2026-06-29 13:42:00",26,0,"Smart TV"
246,760,149,"2026-07-01 06:54:00",44,0,Web
247,145,147,"2026-07-27 15:34:00",19,0,Mobile
248,280,104,"2026-06-09 07:55:00",15,0,"Fire TV"
249,311,129,"2026-06-21 11:38:00",21,0,Web
250,676,71,"2026-07-12 22:07:00",16,0,Mobile
251,560,141,"2026-05-08 07:44:00",48,0,Web
252,793,5,"2026-06-01 14:54:00",111,0,Web
253,690,141,"2026-06-03 08:22:00",45,0,Mobile
254,889,85,"2026-05-22 04:19:00",50,1,Web
255,367,17,"2026-06-10 04:41:00",89,0,"Smart TV"
256,545,59,"2026-06-13 19:12:00",69,0,Tablet
257,9,54,"2026-06-23 05:11:00",1,0,Tablet
258,508,94,"2026-07-08 14:10:00",95,1,Tablet
259,403,81,"2026-07-22 15:05:00",46,0,"Smart TV"
260,816,26,"2026-06-23 08:17:00",47,0,Web
261,323,36,"2026-05-25 15:02:00",28,0,"Fire TV"
262,950,2,"2026-05-28 13:02:00",29,0,Tablet
263,734,139,"2026-06-30 14:01:00",29,0,Tablet
264,252,55,"2026-05-03 11:08:00",14,0,Tablet
265,487,148,"2026-06-28 11:27:00",7,0,Mobile
266,614,46,"2026-05-06 19:03:00",59,0,Tablet
267,872,65,"2026-07-20 07:51:00",92,1,"Smart TV"
268,667,48,"2026-06-28 10:27:00",29,0,Mobile
269,476,127,"2026-06-11 01:21:00",56,0,Web
270,678,59,"2026-07-17 15:12:00",67,0,Mobile
271,529,148,"2026-06-15 03:05:00",11,0,Web
272,75,50,"2026-06-13 21:32:00",31,0,"Smart TV"
273,683,30,"2026-07-23 21:45:00",7,0,Web
274,922,14,"2026-07-09 09:07:00",15,0,Tablet
275,95,139,"2026-07-16 09:13:00",78,0,"Smart TV"
276,103,25,"2026-05-31 12:38:00",52,0,Mobile
277,133,96,"2026-06-14 06:03:00",13,0,"Smart TV"
278,639,140,"2026-06-23 12:04:00",33,0,"Fire TV"
279,825,61,"2026-06-28 04:21:00",79,0,Web
280,861,36,"2026-05-29 04:39:00",27,0,Mobile
281,97,81,"2026-06-08 12:42:00",67,0,Tablet
282,877,2,"2026-07-13 08:21:00",53,0,Mobile
283,985,77,"2026-06-15 00:35:00",56,0,Web
284,748,123,"2026-05-03 13:53:00",35,0,"Smart TV"
285,724,130,"2026-06-08 21:24:00",20,0,"Smart TV"
286,576,87,"2026-05-21 18:06:00",17,0,Mobile
287,66,132,"2026-07-10 11:45:00",38,0,Tablet
288,766,148,"2026-06-24 13:48:00",15,0,"Smart TV"
289,52,140,"2026-05-06 09:50:00",40,0,Web
290,425,136,"2026-07-17 21:44:00",67,0,Web
291,110,40,"2026-05-16 22:33:00",3,0,Mobile
292,139,70,"2026-05-31 15:31:00",9,0,Tablet
293,163,63,"2026-06-28 21:03:00",49,0,Web
294,24,40,"2026-07-27 08:13:00",14,0,"Fire TV"
295,899,57,"2026-06-17 00:30:00",44,0,Web
296,959,59,"2026-07-29 00:13:00",51,0,"Fire TV"
297,238,109,"2026-07-06 01:15:00",63,0,"Smart TV"
298,233,59,"2026-05-16 22:32:00",68,0,Tablet
299,85,125,"2026-05-25 08:57:00",58,0,"Fire TV"
300,312,71,"2026-07-14 02:52:00",13,0,Web
301,300,149,"2026-07-15 12:12:00",20,0,Tablet
302,844,82,"2026-05-20 10:51:00",11,0,"Smart TV"
303,250,22,"2026-05-29 09:50:00",28,0,Mobile
304,647,27,"2026-07-26 01:01:00",91,0,Tablet
305,435,64,"2026-05-19 17:42:00",90,1,Tablet
306,29,25,"2026-07-27 11:21:00",90,0,Web
307,230,129,"2026-05-08 14:02:00",15,0,"Smart TV"
308,999,73,"2026-06-22 15:29:00",19,0,"Fire TV"
309,761,85,"2026-05-28 12:49:00",9,0,"Fire TV"
310,476,2,"2026-05-15 17:14:00",60,0,"Smart TV"
311,331,45,"2026-07-08 23:10:00",59,0,"Smart TV"
312,807,132,"2026-06-10 12:30:00",140,1,"Smart TV"
313,566,38,"2026-05-17 11:27:00",33,0,Web
314,846,81,"2026-05-18 16:37:00",84,0,Mobile
315,537,62,"2026-05-03 15:58:00",15,0,Mobile
316,394,45,"2026-07-15 22:20:00",18,0,"Fire TV"
317,601,41,"2026-06-15 12:33:00",101,0,Tablet
318,778,108,"2026-05-07 02:18:00",104,0,"Smart TV"
319,561,15,"2026-06-07 00:54:00",19,0,"Smart TV"
320,533,75,"2026-07-03 13:19:00",42,0,Mobile
321,646,57,"2026-07-01 01:40:00",103,0,"Fire TV"
322,384,13,"2026-07-15 02:09:00",56,1,"Fire TV"
323,620,54,"2026-05-01 09:37:00",78,0,Mobile
324,150,19,"2026-05-05 09:13:00",69,1,Mobile
325,779,67,"2026-05-23 04:46:00",36,0,"Fire TV"
326,91,10,"2026-07-29 03:57:00",53,0,Mobile
327,443,140,"2026-06-17 21:04:00",42,1,"Smart TV"
328,83,30,"2026-07-16 14:19:00",25,0,"Fire TV"
329,680,95,"2026-07-22 01:05:00",46,1,Web
330,871,24,"2026-06-29 20:36:00",15,0,"Smart TV"
331,50,81,"2026-05-10 02:51:00",69,0,Tablet
332,674,141,"2026-05-16 09:24:00",48,0,"Fire TV"
333,552,145,"2026-06-05 06:30:00",49,0,Web
334,161,72,"2026-06-13 16:28:00",9,0,"Smart TV"
335,917,121,"2026-06-24 10:14:00",69,0,Tablet
336,185,79,"2026-05-13 01:47:00",11,0,"Fire TV"
337,304,142,"2026-07-19 10:15:00",82,0,Tablet
338,926,126,"2026-06-11 20:19:00",4,0,"Smart TV"
339,74,39,"2026-05-18 20:40:00",64,0,"Fire TV"
340,634,18,"2026-05-26 03:30:00",41,0,"Smart TV"
341,364,18,"2026-05-20 16:45:00",32,0,Tablet
342,784,11,"2026-07-06 16:01:00",37,0,Mobile
343,198,76,"2026-05-09 06:16:00",35,0,Mobile
344,647,70,"2026-06-15 04:50:00",53,1,Web
345,589,84,"2026-07-15 15:24:00",84,0,Web
346,351,70,"2026-06-29 00:15:00",58,1,Web
347,245,55,"2026-07-07 12:29:00",54,0,"Smart TV"
348,449,10,"2026-07-25 14:02:00",65,0,Mobile
349,609,105,"2026-05-05 03:26:00",59,0,Mobile
350,821,89,"2026-07-14 15:55:00",58,0,Tablet
351,747,121,"2026-07-13 17:17:00",83,0,"Fire TV"
352,91,33,"2026-07-01 04:34:00",20,0,Web
353,193,131,"2026-07-27 23:22:00",15,0,Mobile
354,678,30,"2026-07-04 04:38:00",30,0,Tablet
355,930,23,"2026-05-14 17:06:00",23,0,Tablet
356,505,21,"2026-07-18 00:25:00",66,0,"Fire TV"
357,915,147,"2026-05-28 15:02:00",10,0,Tablet
358,389,47,"2026-07-23 22:43:00",95,0,Tablet
359,551,101,"2026-05-30 09:52:00",5,0,"Smart TV"
360,624,124,"2026-06-30 22:10:00",75,0,Tablet
361,572,57,"2026-05-31 10:35:00",103,0,Web
362,866,46,"2026-05-14 21:23:00",65,0,Mobile
363,410,13,"2026-05-12 10:22:00",30,0,Web
364,156,77,"2026-07-26 03:24:00",39,0,Web
365,721,123,"2026-06-13 21:16:00",20,0,"Smart TV"
366,648,104,"2026-05-06 01:47:00",14,0,"Fire TV"
367,529,43,"2026-07-10 06:57:00",83,1,Mobile
368,629,9,"2026-06-23 03:19:00",33,0,Tablet
369,312,125,"2026-06-07 06:01:00",43,0,"Fire TV"
370,304,129,"2026-06-11 18:23:00",31,0,"Smart TV"
371,403,78,"2026-06-06 11:24:00",95,1,"Smart TV"
372,765,132,"2026-05-08 11:11:00",73,0,Tablet
373,625,17,"2026-06-07 16:03:00",73,0,Tablet
374,116,30,"2026-05-07 18:48:00",97,1,Tablet
375,836,38,"2026-05-24 04:58:00",42,0,"Fire TV"
376,871,42,"2026-05-19 16:34:00",25,0,"Fire TV"
377,573,36,"2026-06-16 12:56:00",19,0,Mobile
378,14,54,"2026-06-08 01:56:00",25,0,Tablet
379,399,26,"2026-06-09 16:30:00",38,0,"Fire TV"
380,693,51,"2026-06-24 05:39:00",95,1,Web
381,557,142,"2026-06-19 00:03:00",57,0,"Fire TV"
382,211,52,"2026-06-04 11:53:00",50,0,"Smart TV"
383,317,56,"2026-05-28 21:58:00",41,0,"Smart TV"
384,153,10,"2026-05-04 17:36:00",11,0,Web
385,577,5,"2026-05-17 17:35:00",140,1,"Fire TV"
386,680,67,"2026-06-30 21:31:00",44,0,Mobile
387,31,81,"2026-07-28 02:18:00",49,0,"Fire TV"
388,25,143,"2026-06-24 03:07:00",13,0,Mobile
389,417,3,"2026-05-08 20:45:00",60,1,Tablet
390,230,11,"2026-05-09 09:52:00",23,0,"Fire TV"
391,156,60,"2026-07-09 05:05:00",94,1,"Smart TV"
392,846,97,"2026-07-08 19:32:00",42,0,Tablet
393,819,71,"2026-06-17 02:10:00",13,0,Mobile
394,116,80,"2026-07-04 17:59:00",32,0,"Fire TV"
395,315,99,"2026-07-23 12:09:00",19,0,Web
396,696,116,"2026-05-02 23:12:00",86,1,"Fire TV"
397,541,65,"2026-06-21 03:56:00",67,0,Web
398,932,132,"2026-06-25 04:08:00",121,0,Tablet
399,675,126,"2026-06-22 05:46:00",27,0,"Smart TV"
400,739,124,"2026-07-28 08:20:00",47,0,"Fire TV"
401,484,3,"2026-07-15 17:47:00",28,0,Tablet
402,826,11,"2026-05-18 15:30:00",32,0,"Smart TV"
403,279,120,"2026-06-06 09:29:00",95,0,Tablet
404,599,80,"2026-05-13 23:35:00",75,1,Mobile
405,527,54,"2026-06-18 13:10:00",92,0,Web
406,629,120,"2026-07-23 04:08:00",43,0,Mobile
407,293,107,"2026-06-02 23:30:00",44,0,"Fire TV"
408,220,129,"2026-05-04 16:56:00",22,0,Tablet
409,115,48,"2026-07-14 16:08:00",40,0,"Fire TV"
410,514,111,"2026-07-12 08:45:00",49,0,Tablet
411,721,100,"2026-06-27 15:25:00",67,0,Mobile
412,643,137,"2026-05-27 04:34:00",53,0,Mobile
413,985,52,"2026-05-31 23:20:00",76,0,Tablet
414,558,39,"2026-07-02 17:47:00",13,0,Mobile
415,990,102,"2026-05-03 23:04:00",31,0,Tablet
416,118,94,"2026-07-18 19:43:00",40,0,Web
417,455,51,"2026-05-15 06:55:00",34,0,"Smart TV"
418,802,14,"2026-07-04 12:17:00",52,1,"Smart TV"
419,678,21,"2026-05-31 15:30:00",21,0,Web
420,35,95,"2026-06-03 20:19:00",17,0,Mobile
421,439,20,"2026-05-01 23:46:00",43,0,"Smart TV"
422,669,17,"2026-05-30 09:41:00",74,0,Web
423,270,60,"2026-06-11 01:06:00",75,0,"Fire TV"
424,343,147,"2026-05-19 10:51:00",5,0,Web
425,839,17,"2026-05-12 00:56:00",87,0,Tablet
426,665,18,"2026-06-23 15:56:00",43,0,Mobile
427,550,61,"2026-06-03 22:35:00",80,0,"Fire TV"
428,847,118,"2026-07-28 21:17:00",83,0,Mobile
429,793,149,"2026-06-28 13:22:00",51,0,Tablet
430,793,92,"2026-05-10 20:44:00",27,0,Mobile
431,597,70,"2026-06-15 20:43:00",50,0,Tablet
432,914,25,"2026-05-09 23:11:00",1,0,Mobile
433,327,64,"2026-05-29 10:49:00",74,0,"Smart TV"
434,133,18,"2026-06-15 14:01:00",21,0,Mobile
435,405,1,"2026-05-06 23:37:00",14,0,Tablet
436,652,42,"2026-05-04 19:26:00",30,1,Web
437,574,68,"2026-06-30 23:27:00",97,0,Tablet
438,277,149,"2026-07-14 08:55:00",36,0,Web
439,569,95,"2026-06-23 23:56:00",12,0,Mobile
440,521,133,"2026-05-03 18:22:00",1,0,"Fire TV"
441,237,130,"2026-05-08 05:53:00",30,0,Mobile
442,765,149,"2026-05-18 00:44:00",32,0,"Smart TV"
443,723,79,"2026-05-17 12:56:00",22,0,"Smart TV"
444,297,92,"2026-05-14 23:35:00",2,0,"Smart TV"
445,959,65,"2026-06-01 13:08:00",24,0,Tablet
446,589,91,"2026-07-04 16:22:00",15,0,Web
447,313,70,"2026-06-07 23:13:00",14,0,Tablet
448,393,33,"2026-05-30 09:55:00",54,0,Web
449,528,14,"2026-07-17 19:44:00",23,0,"Fire TV"
450,53,36,"2026-07-27 13:01:00",38,1,Mobile
451,724,101,"2026-07-17 22:58:00",55,0,Web
452,755,70,"2026-06-16 22:55:00",45,0,Web
453,134,59,"2026-06-14 02:52:00",36,0,Tablet
454,5,142,"2026-05-17 03:55:00",72,0,"Smart TV"
455,117,120,"2026-07-28 21:02:00",132,1,"Fire TV"
456,672,11,"2026-07-20 11:25:00",26,0,Web
457,13,93,"2026-07-12 02:01:00",12,0,Tablet
458,787,77,"2026-06-04 11:02:00",91,0,"Smart TV"
459,273,113,"2026-05-08 14:33:00",125,1,"Fire TV"
460,620,70,"2026-07-06 10:18:00",34,0,Tablet
461,261,150,"2026-07-26 11:59:00",49,0,"Fire TV"
462,385,64,"2026-05-31 09:12:00",50,0,Mobile
463,770,35,"2026-05-18 12:04:00",23,0,Tablet
464,323,87,"2026-07-07 23:26:00",51,0,Mobile
465,380,81,"2026-05-11 20:56:00",49,0,Web
466,312,135,"2026-06-13 20:28:00",49,0,"Fire TV"
467,401,75,"2026-05-16 03:05:00",54,1,Mobile
468,333,33,"2026-07-02 05:13:00",42,0,"Fire TV"
469,345,3,"2026-05-18 12:30:00",27,0,Mobile
470,851,26,"2026-06-22 23:44:00",31,0,Tablet
471,723,136,"2026-06-14 20:42:00",114,1,Mobile
472,324,120,"2026-07-09 22:58:00",30,0,"Fire TV"
473,171,2,"2026-06-12 22:58:00",52,0,"Fire TV"
474,70,150,"2026-05-21 08:09:00",138,1,"Smart TV"
475,995,93,"2026-05-13 14:36:00",114,1,Tablet
476,985,69,"2026-07-01 15:42:00",11,0,"Smart TV"
477,52,135,"2026-07-15 00:20:00",28,0,Tablet
478,407,52,"2026-05-23 05:24:00",72,0,Mobile
479,547,85,"2026-06-11 07:29:00",50,1,"Fire TV"
480,74,121,"2026-05-12 08:58:00",113,0,"Smart TV"
481,161,132,"2026-05-21 22:42:00",109,0,Mobile
482,976,11,"2026-06-22 10:19:00",31,0,Web
483,474,47,"2026-05-22 02:13:00",92,0,"Smart TV"
484,320,64,"2026-07-26 13:10:00",31,0,Web
485,403,17,"2026-05-22 15:10:00",79,0,"Smart TV"
486,26,9,"2026-06-04 20:42:00",8,0,"Smart TV"
487,717,111,"2026-07-10 02:22:00",45,0,"Fire TV"
488,931,131,"2026-05-04 19:18:00",42,1,Web
489,650,48,"2026-07-27 12:20:00",23,0,"Fire TV"
490,844,144,"2026-07-11 07:24:00",33,0,Tablet
491,799,84,"2026-07-29 01:07:00",62,0,Web
492,647,40,"2026-07-13 17:43:00",18,0,"Fire TV"
493,684,107,"2026-06-24 06:36:00",40,0,"Fire TV"
494,579,102,"2026-06-10 13:06:00",35,0,Web
495,853,86,"2026-06-18 10:28:00",29,0,Tablet
496,378,100,"2026-06-08 12:35:00",87,1,"Smart TV"
497,306,133,"2026-06-23 23:08:00",30,0,Tablet
498,953,25,"2026-05-30 15:42:00",44,0,Mobile
499,559,138,"2026-05-27 03:22:00",66,0,Mobile
500,331,143,"2026-06-14 15:01:00",16,0,Tablet
501,175,129,"2026-05-11 10:20:00",19,0,"Smart TV"
502,330,141,"2026-06-03 04:01:00",74,1,Mobile
503,892,95,"2026-05-04 00:50:00",44,1,Mobile
504,934,82,"2026-07-13 08:43:00",19,0,Web
505,753,78,"2026-06-22 18:45:00",19,0,"Fire TV"
506,559,76,"2026-06-04 13:43:00",71,0,Web
507,115,40,"2026-07-18 20:03:00",13,0,Tablet
508,789,65,"2026-06-10 18:16:00",53,0,Web
509,147,107,"2026-07-07 05:28:00",5,0,"Smart TV"
510,866,70,"2026-05-01 07:29:00",18,0,Web
511,892,93,"2026-07-10 08:19:00",23,0,Web
512,920,113,"2026-06-28 19:40:00",59,0,"Fire TV"
513,496,116,"2026-06-24 07:59:00",43,0,"Fire TV"
514,670,82,"2026-07-12 09:54:00",11,0,Tablet
515,838,3,"2026-05-15 08:25:00",18,0,Web
516,102,63,"2026-05-31 16:58:00",35,0,"Fire TV"
517,960,59,"2026-05-22 00:53:00",58,0,"Smart TV"
518,245,93,"2026-05-17 14:06:00",82,0,"Smart TV"
519,491,26,"2026-05-05 22:54:00",55,0,"Smart TV"
520,117,24,"2026-05-07 01:57:00",39,0,Web
521,756,92,"2026-05-16 09:33:00",33,0,Tablet
522,385,14,"2026-06-16 23:02:00",28,0,"Fire TV"
523,264,2,"2026-07-28 20:50:00",9,0,Tablet
524,280,41,"2026-07-06 22:40:00",99,0,Tablet
525,876,121,"2026-07-13 02:01:00",116,0,Tablet
526,498,57,"2026-05-07 18:21:00",81,0,"Fire TV"
527,81,150,"2026-05-20 01:53:00",65,0,"Smart TV"
528,864,58,"2026-07-26 20:56:00",114,0,"Smart TV"
529,694,67,"2026-05-02 10:11:00",52,0,"Smart TV"
530,556,11,"2026-07-15 23:04:00",58,1,"Fire TV"
531,284,111,"2026-05-06 15:38:00",29,0,"Fire TV"
532,3,114,"2026-05-15 22:06:00",1,0,Web
533,75,82,"2026-07-16 16:04:00",12,0,Tablet
534,376,106,"2026-05-19 02:06:00",14,0,Mobile
535,287,96,"2026-07-26 16:32:00",18,0,"Smart TV"
536,479,11,"2026-07-13 21:31:00",40,0,"Smart TV"
537,478,93,"2026-05-10 01:12:00",32,0,"Smart TV"
538,625,117,"2026-06-25 00:39:00",7,0,Web
539,823,52,"2026-07-15 22:48:00",50,0,Mobile
540,682,83,"2026-05-29 03:04:00",62,1,Web
541,923,103,"2026-06-21 20:14:00",15,0,"Fire TV"
542,503,68,"2026-05-08 06:02:00",20,0,Web
543,815,3,"2026-06-07 07:53:00",21,0,Tablet
544,187,101,"2026-05-29 02:19:00",50,0,Tablet
545,668,14,"2026-07-19 14:48:00",27,0,"Smart TV"
546,383,146,"2026-06-07 04:18:00",40,0,Tablet
547,595,6,"2026-05-03 09:32:00",55,0,Web
548,299,79,"2026-07-18 07:13:00",29,1,Mobile
549,269,35,"2026-07-29 12:17:00",12,0,Tablet
550,735,57,"2026-05-14 09:45:00",112,1,"Smart TV"
551,975,119,"2026-07-05 21:42:00",41,0,Mobile
552,752,99,"2026-05-12 02:45:00",21,0,"Fire TV"
553,223,15,"2026-05-12 22:38:00",3,0,Mobile
554,174,40,"2026-05-18 17:55:00",33,0,Mobile
555,620,26,"2026-06-23 12:48:00",57,0,"Smart TV"
556,295,42,"2026-05-06 08:07:00",20,0,"Fire TV"
557,690,87,"2026-05-21 17:11:00",92,1,"Fire TV"
558,681,77,"2026-06-10 05:42:00",123,1,"Fire TV"
559,902,149,"2026-06-22 16:47:00",17,0,Web
560,55,59,"2026-06-21 03:59:00",21,0,"Smart TV"
561,455,99,"2026-07-13 18:57:00",13,0,"Smart TV"
562,412,48,"2026-06-20 14:14:00",34,0,"Fire TV"
563,950,140,"2026-06-11 15:32:00",20,0,"Smart TV"
564,710,62,"2026-05-30 10:57:00",29,0,Web
565,280,88,"2026-07-06 03:00:00",22,0,"Smart TV"
566,830,101,"2026-07-14 03:27:00",68,0,"Smart TV"
567,631,64,"2026-07-21 14:56:00",45,0,Web
568,337,112,"2026-07-25 10:38:00",47,0,Web
569,862,94,"2026-05-05 20:08:00",44,0,Mobile
570,688,81,"2026-07-09 23:33:00",111,1,"Smart TV"
571,350,108,"2026-05-15 08:03:00",85,0,Tablet
572,83,139,"2026-06-29 09:59:00",79,0,"Smart TV"
573,796,101,"2026-06-07 18:54:00",51,0,"Smart TV"
574,557,31,"2026-05-04 14:13:00",37,0,Tablet
575,553,95,"2026-06-11 09:11:00",25,0,Web
576,734,103,"2026-05-29 15:06:00",12,0,Mobile
577,327,119,"2026-07-23 23:44:00",22,0,Tablet
578,429,124,"2026-05-19 09:13:00",77,0,"Smart TV"
579,631,64,"2026-05-26 21:30:00",43,0,"Smart TV"
580,289,144,"2026-07-29 12:00:00",47,0,"Smart TV"
581,269,103,"2026-06-29 14:42:00",6,0,"Smart TV"
582,439,120,"2026-06-21 13:22:00",132,1,Tablet
583,699,25,"2026-05-26 00:38:00",116,1,Mobile
584,472,79,"2026-06-27 02:58:00",11,0,"Fire TV"
585,991,81,"2026-06-17 15:38:00",54,0,"Smart TV"
586,527,106,"2026-05-19 07:46:00",10,0,"Fire TV"
587,917,20,"2026-07-27 11:50:00",30,0,"Smart TV"
588,23,39,"2026-05-22 01:49:00",7,0,Tablet
589,927,71,"2026-05-01 07:47:00",13,0,"Fire TV"
590,661,146,"2026-05-21 01:48:00",54,1,Tablet
591,147,109,"2026-06-30 01:10:00",32,0,Web
592,381,101,"2026-06-25 03:58:00",49,0,Tablet
593,212,20,"2026-05-03 16:00:00",35,0,"Fire TV"
594,115,10,"2026-06-05 18:31:00",47,0,Mobile
595,605,26,"2026-07-25 22:20:00",42,0,"Smart TV"
596,365,68,"2026-06-27 21:31:00",54,0,Mobile
597,861,112,"2026-07-21 09:33:00",67,0,"Smart TV"
598,255,111,"2026-06-05 01:51:00",18,0,Tablet
599,770,150,"2026-06-25 12:45:00",67,0,Tablet
600,899,138,"2026-05-20 03:51:00",64,0,"Smart TV"
601,254,144,"2026-06-05 20:09:00",36,0,"Smart TV"
602,957,35,"2026-06-15 04:33:00",25,0,Mobile
603,461,71,"2026-06-02 01:35:00",10,0,Web
604,437,126,"2026-06-06 17:06:00",30,0,Web
605,257,11,"2026-06-27 04:03:00",18,0,Mobile
606,536,31,"2026-05-24 10:39:00",43,0,Mobile
607,207,6,"2026-06-13 15:25:00",31,0,"Fire TV"
608,486,22,"2026-05-22 08:42:00",24,0,Mobile
609,775,115,"2026-06-12 21:41:00",32,0,Mobile
610,213,129,"2026-06-13 17:07:00",17,0,Mobile
611,100,104,"2026-06-21 21:42:00",17,0,"Fire TV"
612,255,147,"2026-06-05 01:31:00",1,0,Tablet
613,423,145,"2026-05-28 04:14:00",62,0,"Fire TV"
614,288,17,"2026-05-20 23:53:00",115,1,Web
615,137,123,"2026-07-27 22:06:00",8,0,"Smart TV"
616,688,112,"2026-06-28 23:44:00",72,0,"Smart TV"
617,724,104,"2026-05-18 07:12:00",19,0,"Smart TV"
618,774,102,"2026-07-11 12:51:00",46,0,"Fire TV"
619,159,130,"2026-07-07 18:29:00",37,0,"Smart TV"
620,898,28,"2026-07-05 22:06:00",38,0,"Smart TV"
621,782,133,"2026-05-06 05:23:00",51,0,Tablet
622,828,102,"2026-05-01 21:11:00",16,0,Web
623,73,30,"2026-05-08 00:22:00",74,0,"Fire TV"
624,27,130,"2026-07-14 13:01:00",38,0,Mobile
625,449,38,"2026-05-25 11:04:00",37,0,Mobile
626,88,102,"2026-05-31 19:04:00",60,0,Tablet
627,153,148,"2026-06-06 23:12:00",12,0,"Fire TV"
628,111,123,"2026-05-18 11:13:00",25,0,Mobile
629,809,114,"2026-06-21 22:15:00",47,0,Web
630,43,70,"2026-05-11 18:35:00",25,0,Mobile
631,54,37,"2026-07-14 21:44:00",68,0,Web
632,575,52,"2026-07-12 02:19:00",44,0,"Fire TV"
633,416,66,"2026-06-30 05:10:00",42,0,"Fire TV"
634,720,68,"2026-07-28 02:36:00",44,0,"Fire TV"
635,371,141,"2026-06-01 10:02:00",71,0,Web
636,543,62,"2026-06-22 06:18:00",92,0,Mobile
637,334,9,"2026-06-23 02:49:00",22,0,"Smart TV"
638,614,149,"2026-06-07 15:25:00",50,0,Web
639,280,44,"2026-05-09 02:42:00",62,0,Mobile
640,434,71,"2026-05-11 06:34:00",15,0,Mobile
641,249,139,"2026-07-06 22:41:00",34,0,"Fire TV"
642,97,69,"2026-05-22 09:41:00",22,0,Mobile
643,371,65,"2026-07-16 02:02:00",56,0,Tablet
644,185,59,"2026-07-28 17:12:00",7,0,Tablet
645,400,16,"2026-05-11 15:53:00",25,0,"Fire TV"
646,194,75,"2026-07-17 09:56:00",19,0,Web
647,99,82,"2026-05-26 11:54:00",15,0,"Smart TV"
648,376,53,"2026-07-14 03:37:00",26,0,"Fire TV"
649,738,57,"2026-05-14 23:45:00",85,0,Mobile
650,347,63,"2026-07-13 19:09:00",61,0,Mobile
651,680,37,"2026-07-23 09:03:00",118,1,"Fire TV"
652,454,128,"2026-07-25 20:06:00",23,0,Mobile
653,664,16,"2026-05-18 05:16:00",17,0,Tablet
654,116,52,"2026-05-22 04:39:00",74,0,"Smart TV"
655,365,136,"2026-05-10 19:52:00",60,0,Web
656,303,7,"2026-07-06 06:40:00",85,1,Tablet
657,870,56,"2026-05-22 13:43:00",110,0,Mobile
658,451,36,"2026-05-05 07:17:00",12,0,Tablet
659,175,100,"2026-07-08 03:16:00",50,0,"Smart TV"
660,366,5,"2026-06-16 22:37:00",78,0,Tablet
661,261,128,"2026-05-25 16:25:00",17,0,Tablet
662,544,142,"2026-05-12 02:16:00",11,0,Tablet
663,804,86,"2026-05-03 03:39:00",56,0,Tablet
664,349,17,"2026-05-19 22:35:00",64,0,Web
665,117,125,"2026-05-19 00:58:00",25,0,Web
666,381,115,"2026-06-12 02:37:00",44,0,Mobile
667,178,89,"2026-07-29 01:40:00",17,0,"Fire TV"
668,156,129,"2026-05-06 10:00:00",33,0,Tablet
669,158,105,"2026-06-30 07:50:00",34,0,Tablet
670,930,111,"2026-06-15 15:31:00",63,0,Web
671,941,147,"2026-06-25 02:16:00",2,0,"Fire TV"
672,775,83,"2026-07-25 01:17:00",51,0,Web
673,615,51,"2026-05-19 23:57:00",27,0,"Fire TV"
674,54,144,"2026-07-25 04:02:00",72,1,Web
675,370,3,"2026-07-18 04:39:00",23,0,Web
676,891,79,"2026-05-18 01:28:00",24,0,Tablet
677,864,30,"2026-07-26 22:49:00",41,0,"Fire TV"
678,650,81,"2026-07-03 09:08:00",53,0,Web
679,268,92,"2026-07-04 22:06:00",27,0,"Smart TV"
680,985,145,"2026-06-12 15:03:00",53,0,Tablet
681,193,110,"2026-06-14 15:44:00",20,0,"Fire TV"
682,986,92,"2026-06-13 07:29:00",26,0,"Fire TV"
683,962,144,"2026-07-06 09:47:00",46,0,Tablet
684,659,2,"2026-07-08 21:08:00",67,0,Tablet
685,788,95,"2026-05-19 01:13:00",28,0,Mobile
686,553,78,"2026-05-15 09:00:00",76,0,"Fire TV"
687,395,19,"2026-05-28 00:08:00",63,1,"Smart TV"
688,900,57,"2026-05-27 00:09:00",102,0,Mobile
689,154,57,"2026-05-21 10:19:00",69,0,Tablet
690,922,82,"2026-06-13 22:43:00",28,1,Mobile
691,234,21,"2026-06-06 08:06:00",34,0,Tablet
692,2,143,"2026-05-03 19:04:00",26,0,Tablet
693,634,94,"2026-05-09 03:18:00",37,0,"Fire TV"
694,414,40,"2026-05-03 08:03:00",34,0,Tablet
695,694,76,"2026-07-26 16:09:00",62,0,"Smart TV"
696,844,135,"2026-07-23 21:36:00",44,0,Tablet
697,729,61,"2026-05-18 02:00:00",99,0,Tablet
698,597,140,"2026-06-21 10:53:00",32,0,"Smart TV"
699,815,114,"2026-07-08 11:28:00",118,0,"Fire TV"
700,70,120,"2026-05-02 18:06:00",71,0,"Smart TV"
701,675,20,"2026-07-26 20:10:00",129,1,"Smart TV"
702,357,145,"2026-06-19 07:35:00",1,0,Tablet
703,308,100,"2026-07-22 15:24:00",50,0,Tablet
704,881,116,"2026-06-15 08:19:00",64,0,Mobile
705,279,57,"2026-05-08 01:42:00",115,1,Mobile
706,617,108,"2026-06-19 15:45:00",48,0,Mobile
707,621,40,"2026-06-05 09:45:00",19,0,Tablet
708,197,146,"2026-05-05 00:20:00",34,0,Tablet
709,942,51,"2026-05-12 00:47:00",74,0,Mobile
710,473,138,"2026-06-08 08:53:00",57,0,"Fire TV"
711,978,53,"2026-07-27 02:51:00",15,0,"Fire TV"
712,983,82,"2026-07-28 07:33:00",10,0,Web
713,165,104,"2026-07-07 08:28:00",23,0,Mobile
714,412,12,"2026-06-01 11:52:00",1,0,"Fire TV"
715,542,62,"2026-05-05 23:11:00",31,0,Mobile
716,856,49,"2026-05-13 12:48:00",12,0,"Smart TV"
717,932,133,"2026-07-18 20:54:00",112,1,"Fire TV"
718,77,107,"2026-07-12 06:18:00",48,0,Mobile
719,184,82,"2026-07-17 02:57:00",9,0,"Smart TV"
720,867,149,"2026-05-02 00:37:00",53,0,Mobile
721,598,117,"2026-07-27 23:48:00",24,0,Mobile
722,714,89,"2026-06-25 20:47:00",70,0,Tablet
723,954,114,"2026-06-19 05:52:00",136,1,Tablet
724,707,87,"2026-07-01 06:46:00",39,0,"Smart TV"
725,839,148,"2026-06-21 14:40:00",15,0,"Fire TV"
726,734,30,"2026-05-16 01:24:00",69,0,Tablet
727,858,53,"2026-05-12 14:02:00",38,0,"Fire TV"
728,85,142,"2026-05-12 15:45:00",80,0,"Fire TV"
729,638,116,"2026-06-27 01:26:00",65,0,Tablet
730,761,24,"2026-05-24 09:07:00",30,0,"Fire TV"
731,530,145,"2026-07-14 22:20:00",18,0,Web
732,12,93,"2026-05-04 08:37:00",69,0,Mobile
733,190,94,"2026-06-30 14:24:00",81,0,"Fire TV"
734,267,36,"2026-07-21 13:33:00",27,0,"Smart TV"
735,647,81,"2026-05-19 10:38:00",96,0,Tablet
736,405,31,"2026-06-24 18:44:00",80,0,"Smart TV"
737,354,92,"2026-07-15 03:23:00",36,0,Tablet
738,674,88,"2026-06-25 20:04:00",78,0,Web
739,458,39,"2026-05-05 23:00:00",41,0,"Smart TV"
740,718,103,"2026-06-14 10:38:00",41,1,Tablet
741,182,150,"2026-05-13 03:13:00",103,0,Tablet
742,787,57,"2026-06-19 09:59:00",53,0,Tablet
743,601,17,"2026-05-11 22:13:00",94,0,Web
744,478,29,"2026-06-29 11:43:00",135,1,"Smart TV"
745,655,65,"2026-05-07 10:28:00",36,0,Tablet
746,592,67,"2026-05-12 10:48:00",98,1,Mobile
747,102,43,"2026-06-02 07:26:00",91,1,Mobile
748,989,87,"2026-06-13 00:43:00",74,0,Mobile
749,606,102,"2026-05-10 11:19:00",23,0,Tablet
750,22,39,"2026-07-16 20:22:00",42,0,"Smart TV"
751,378,52,"2026-06-11 13:18:00",78,0,"Smart TV"
752,933,97,"2026-05-25 03:43:00",30,0,"Fire TV"
753,376,92,"2026-06-29 16:02:00",18,0,Web
754,679,146,"2026-05-10 03:03:00",14,0,Tablet
755,590,86,"2026-05-08 12:35:00",53,0,"Fire TV"
756,838,149,"2026-06-23 11:32:00",43,0,"Fire TV"
757,540,101,"2026-06-04 00:11:00",31,0,"Smart TV"
758,371,49,"2026-05-10 22:53:00",17,0,"Fire TV"
759,382,54,"2026-06-02 16:15:00",29,0,"Smart TV"
760,520,97,"2026-07-06 12:36:00",101,0,Web
761,938,141,"2026-07-02 05:12:00",60,0,Mobile
762,82,80,"2026-05-12 22:20:00",4,0,Mobile
763,537,85,"2026-07-17 13:45:00",28,0,Mobile
764,931,23,"2026-06-20 16:08:00",41,0,Mobile
765,893,59,"2026-05-10 03:03:00",7,0,Mobile
766,756,149,"2026-06-02 16:27:00",54,0,"Fire TV"
767,974,133,"2026-07-03 04:18:00",60,0,Mobile
768,343,36,"2026-06-05 15:11:00",20,0,Tablet
769,424,20,"2026-06-25 03:30:00",67,0,"Fire TV"
770,154,89,"2026-07-23 19:44:00",58,0,"Smart TV"
771,197,83,"2026-06-20 05:58:00",32,0,Mobile
772,370,138,"2026-06-30 09:43:00",79,0,Mobile
773,565,88,"2026-07-18 23:24:00",40,0,"Smart TV"
774,456,20,"2026-07-12 23:10:00",106,0,"Fire TV"
775,270,3,"2026-05-14 00:13:00",34,0,"Fire TV"
776,245,36,"2026-06-13 10:07:00",20,0,Web
777,900,91,"2026-06-12 04:32:00",20,0,Mobile
778,12,5,"2026-07-11 22:57:00",104,0,Web
779,117,51,"2026-07-26 18:55:00",74,0,"Fire TV"
780,909,44,"2026-06-20 06:31:00",99,0,Web
781,302,100,"2026-06-09 10:23:00",35,0,Mobile
782,45,126,"2026-05-22 03:42:00",28,0,Tablet
783,483,121,"2026-06-06 13:47:00",62,0,Web
784,970,94,"2026-07-25 15:59:00",41,0,"Smart TV"
785,229,121,"2026-05-07 12:14:00",124,0,"Smart TV"
786,496,10,"2026-05-31 15:04:00",73,0,Web
787,179,49,"2026-07-25 10:42:00",25,1,Web
788,916,90,"2026-07-24 15:44:00",6,0,Web
789,484,142,"2026-07-02 08:28:00",110,1,Mobile
790,16,38,"2026-07-01 15:43:00",38,0,Tablet
791,650,101,"2026-05-01 22:53:00",14,0,"Fire TV"
792,72,71,"2026-05-31 16:33:00",1,0,"Fire TV"
793,89,64,"2026-05-21 23:33:00",36,0,Web
794,598,142,"2026-06-12 00:19:00",47,0,"Smart TV"
795,831,46,"2026-06-04 12:46:00",36,0,Tablet
796,599,23,"2026-06-28 02:50:00",71,0,Mobile
797,712,101,"2026-06-01 14:51:00",27,0,"Smart TV"
798,969,37,"2026-05-01 02:55:00",110,0,"Smart TV"
799,395,23,"2026-07-15 15:43:00",121,1,Tablet
800,421,126,"2026-07-23 23:47:00",18,0,"Fire TV"
801,159,16,"2026-07-20 21:41:00",9,0,Mobile
802,147,22,"2026-06-29 02:43:00",43,1,"Smart TV"
803,570,130,"2026-07-26 20:04:00",39,0,"Fire TV"
804,2,134,"2026-06-30 11:44:00",110,1,Tablet
805,995,76,"2026-07-15 02:37:00",40,0,Tablet
806,596,60,"2026-05-01 12:10:00",73,0,"Smart TV"
807,893,24,"2026-06-15 07:37:00",49,1,"Fire TV"
808,771,1,"2026-05-10 21:31:00",66,0,"Fire TV"
809,427,107,"2026-06-29 07:06:00",37,0,Mobile
810,773,84,"2026-05-13 03:38:00",22,0,"Smart TV"
811,441,43,"2026-06-24 00:46:00",63,0,"Fire TV"
812,42,56,"2026-06-19 09:47:00",83,0,"Smart TV"
813,808,76,"2026-06-25 04:49:00",73,0,Tablet
814,378,134,"2026-05-26 14:40:00",63,0,"Fire TV"
815,781,1,"2026-07-15 07:19:00",63,0,Web
816,178,60,"2026-05-14 11:47:00",42,0,Mobile
817,870,124,"2026-05-18 02:52:00",74,0,Web
818,536,8,"2026-05-04 06:17:00",60,0,Tablet
819,46,33,"2026-06-26 11:55:00",16,0,"Fire TV"
820,277,30,"2026-07-15 21:42:00",83,0,"Fire TV"
821,95,97,"2026-06-21 01:32:00",106,0,Tablet
822,134,72,"2026-05-24 09:20:00",16,0,Tablet
823,76,66,"2026-05-14 04:04:00",48,0,"Smart TV"
824,842,80,"2026-06-24 09:26:00",2,0,Tablet
825,939,102,"2026-05-20 20:46:00",39,0,Mobile
826,552,56,"2026-07-09 16:47:00",60,0,Web
827,61,55,"2026-05-30 10:53:00",37,0,Web
828,347,83,"2026-07-22 18:40:00",45,0,"Smart TV"
829,419,142,"2026-06-15 09:24:00",79,0,Tablet
830,627,24,"2026-07-28 21:08:00",31,0,Web
831,762,59,"2026-06-05 15:33:00",48,0,"Fire TV"
832,17,55,"2026-06-07 16:14:00",27,0,"Fire TV"
833,993,69,"2026-05-30 14:15:00",47,0,"Smart TV"
834,540,148,"2026-05-31 04:58:00",22,0,Mobile
835,676,99,"2026-07-09 21:49:00",15,0,"Smart TV"
836,635,81,"2026-07-21 00:02:00",110,1,"Fire TV"
837,542,96,"2026-07-11 19:01:00",17,0,Tablet
838,761,119,"2026-06-03 10:57:00",31,0,Web
839,332,75,"2026-07-27 05:56:00",35,0,Mobile
840,442,28,"2026-05-22 10:07:00",27,0,Mobile
841,538,116,"2026-06-14 05:46:00",43,0,Web
842,257,87,"2026-07-23 11:58:00",53,0,Mobile
843,514,74,"2026-05-04 10:10:00",54,1,"Smart TV"
844,605,134,"2026-06-17 03:56:00",49,0,"Smart TV"
845,542,87,"2026-05-22 06:41:00",42,0,Tablet
846,307,69,"2026-07-02 00:36:00",46,0,"Fire TV"
847,554,68,"2026-06-17 04:27:00",41,0,"Smart TV"
848,895,76,"2026-05-15 03:23:00",26,0,Web
849,367,88,"2026-06-16 07:35:00",86,0,Tablet
850,229,64,"2026-06-07 18:13:00",27,0,"Smart TV"
851,867,80,"2026-06-04 18:51:00",75,1,Web
852,672,8,"2026-07-24 22:53:00",31,0,"Smart TV"
853,438,129,"2026-05-26 18:36:00",32,0,Web
854,42,66,"2026-07-11 01:36:00",47,0,Web
855,60,131,"2026-05-14 02:14:00",31,0,Tablet
856,763,115,"2026-07-25 16:39:00",38,0,"Smart TV"
857,178,102,"2026-06-29 23:08:00",31,0,Mobile
858,152,131,"2026-06-10 17:24:00",38,1,"Smart TV"
859,359,67,"2026-06-03 09:56:00",86,0,"Fire TV"
860,489,21,"2026-06-01 08:59:00",63,0,Web
861,337,111,"2026-06-16 23:14:00",78,1,"Fire TV"
862,434,36,"2026-07-22 01:04:00",22,0,"Smart TV"
863,262,80,"2026-05-25 22:32:00",58,0,Web
864,533,137,"2026-05-22 09:11:00",39,0,Tablet
865,99,139,"2026-06-19 18:49:00",56,0,Tablet
866,776,40,"2026-07-15 20:27:00",15,0,Mobile
867,65,83,"2026-05-03 02:49:00",40,0,"Fire TV"
868,187,102,"2026-06-12 13:36:00",35,0,"Fire TV"
869,944,90,"2026-05-22 07:14:00",48,1,"Smart TV"
870,326,63,"2026-05-24 17:35:00",45,0,"Fire TV"
871,81,59,"2026-05-31 00:52:00",43,0,"Smart TV"
872,702,101,"2026-05-30 22:46:00",31,0,Tablet
873,375,139,"2026-05-23 18:46:00",78,0,Mobile
874,44,67,"2026-05-07 07:03:00",37,0,"Fire TV"
875,741,70,"2026-07-28 23:55:00",40,0,"Fire TV"
876,576,96,"2026-05-04 08:00:00",20,0,Web
877,289,100,"2026-05-27 00:12:00",43,0,"Fire TV"
878,505,95,"2026-05-15 15:53:00",33,0,"Smart TV"
879,800,51,"2026-05-19 08:22:00",30,0,"Fire TV"
880,517,137,"2026-05-28 20:42:00",42,0,Tablet
881,854,38,"2026-05-22 16:34:00",25,0,Mobile
882,130,25,"2026-05-04 13:41:00",28,0,Tablet
883,343,52,"2026-05-07 23:41:00",30,0,"Smart TV"
884,220,107,"2026-05-01 20:05:00",87,1,"Smart TV"
885,78,5,"2026-05-12 01:49:00",53,0,"Smart TV"
886,128,8,"2026-06-19 07:01:00",55,0,Tablet
887,106,115,"2026-07-15 06:42:00",46,0,Tablet
888,815,9,"2026-06-30 13:17:00",8,0,"Smart TV"
889,327,65,"2026-07-23 04:58:00",26,0,Web
890,987,101,"2026-05-15 01:41:00",18,0,"Smart TV"
891,45,62,"2026-05-09 06:11:00",111,1,"Smart TV"
892,556,26,"2026-05-13 16:17:00",51,0,Mobile
893,665,35,"2026-07-24 21:00:00",19,0,Tablet
894,578,54,"2026-06-18 18:39:00",72,0,"Fire TV"
895,436,93,"2026-07-20 11:24:00",53,0,"Fire TV"
896,477,89,"2026-06-13 13:22:00",23,0,"Fire TV"
897,832,39,"2026-05-25 23:25:00",1,0,Mobile
898,743,38,"2026-06-26 16:29:00",16,0,"Smart TV"
899,933,29,"2026-07-13 16:58:00",88,0,"Fire TV"
900,287,3,"2026-05-30 11:57:00",4,0,"Smart TV"
901,657,81,"2026-06-04 22:38:00",9,0,Mobile
902,298,83,"2026-05-08 05:10:00",59,1,Mobile
903,97,52,"2026-06-14 06:26:00",41,0,Mobile
904,10,108,"2026-07-24 12:40:00",121,1,Web
905,887,104,"2026-07-09 13:39:00",17,0,"Fire TV"
906,944,115,"2026-07-06 14:58:00",34,0,"Fire TV"
907,291,135,"2026-05-31 20:17:00",47,0,"Fire TV"
908,650,38,"2026-07-21 03:54:00",53,0,Web
909,70,112,"2026-05-03 14:28:00",84,0,Tablet
910,373,95,"2026-06-21 17:28:00",32,0,"Fire TV"
911,931,58,"2026-07-06 21:20:00",142,1,Web
912,662,120,"2026-07-27 15:25:00",59,0,"Fire TV"
913,292,12,"2026-06-13 07:15:00",35,0,Mobile
914,706,120,"2026-07-23 23:32:00",106,0,"Smart TV"
915,347,129,"2026-07-10 09:04:00",13,0,Tablet
916,753,110,"2026-06-12 09:03:00",9,0,Tablet
917,801,31,"2026-07-02 08:04:00",22,0,"Smart TV"
918,359,54,"2026-05-05 13:10:00",34,0,"Fire TV"
919,70,66,"2026-07-20 07:01:00",41,0,"Smart TV"
920,400,73,"2026-05-30 06:36:00",23,0,Mobile
921,518,121,"2026-05-12 05:11:00",112,0,"Fire TV"
922,535,148,"2026-07-02 20:46:00",16,0,Tablet
923,258,51,"2026-05-05 17:50:00",58,0,Mobile
924,72,116,"2026-07-09 20:09:00",54,0,"Smart TV"
925,245,53,"2026-07-03 05:08:00",14,0,Tablet
926,939,103,"2026-07-09 20:16:00",43,1,Tablet
927,467,149,"2026-07-21 11:26:00",37,0,Mobile
928,863,8,"2026-06-29 11:17:00",18,0,"Smart TV"
929,812,102,"2026-05-09 08:30:00",21,0,Web
930,961,76,"2026-06-15 14:45:00",39,0,Web
931,314,57,"2026-05-10 00:24:00",25,0,Web
932,296,10,"2026-06-20 20:24:00",5,0,Tablet
933,638,127,"2026-06-15 06:10:00",63,0,Tablet
934,780,123,"2026-07-09 22:15:00",24,0,Web
935,583,138,"2026-06-20 06:32:00",64,0,"Fire TV"
936,950,31,"2026-06-05 16:11:00",33,0,"Fire TV"
937,85,120,"2026-07-22 06:17:00",113,0,Tablet
938,945,62,"2026-06-06 09:34:00",48,0,Mobile
939,514,22,"2026-05-16 21:11:00",8,0,"Fire TV"
940,912,98,"2026-06-11 14:28:00",71,0,"Smart TV"
941,952,101,"2026-05-29 10:32:00",49,0,Web
942,434,93,"2026-05-04 13:45:00",48,0,Web
943,455,130,"2026-07-08 03:17:00",31,0,"Smart TV"
944,997,74,"2026-05-28 17:25:00",37,0,Web
945,187,80,"2026-06-28 20:45:00",16,0,"Fire TV"
946,499,100,"2026-06-24 13:54:00",59,0,Tablet
947,529,43,"2026-07-22 09:48:00",37,0,"Smart TV"
948,690,82,"2026-07-01 19:54:00",6,0,Mobile
949,974,38,"2026-05-15 15:49:00",23,0,"Fire TV"
950,876,119,"2026-06-04 14:27:00",31,0,"Fire TV"
951,920,43,"2026-06-25 05:46:00",80,0,"Smart TV"
952,359,20,"2026-05-08 13:06:00",129,1,Web
953,55,136,"2026-07-13 09:44:00",54,0,Mobile
954,88,103,"2026-06-01 10:29:00",26,0,Mobile
955,705,29,"2026-06-09 07:54:00",60,0,Web
956,700,12,"2026-05-19 03:20:00",44,0,"Fire TV"
957,530,119,"2026-05-03 08:56:00",15,0,"Fire TV"
958,297,43,"2026-06-26 13:20:00",91,1,"Fire TV"
959,65,80,"2026-05-23 14:22:00",13,0,Mobile
960,399,53,"2026-07-02 08:03:00",28,0,Mobile
961,563,76,"2026-06-11 10:53:00",5,0,"Smart TV"
962,645,83,"2026-07-04 15:02:00",13,0,Web
963,156,133,"2026-05-23 11:25:00",15,0,Web
964,119,104,"2026-05-07 11:17:00",17,0,"Fire TV"
965,159,143,"2026-06-07 17:02:00",24,0,Web
966,834,5,"2026-06-09 06:44:00",55,0,Web
967,391,142,"2026-07-12 02:57:00",59,0,Mobile
968,173,103,"2026-05-01 16:26:00",27,0,Web
969,125,120,"2026-07-28 21:55:00",29,0,Tablet
970,606,72,"2026-07-23 13:16:00",14,0,"Smart TV"
971,861,58,"2026-05-14 04:20:00",114,0,Web
972,185,105,"2026-05-27 11:18:00",82,0,Web
973,628,142,"2026-06-25 06:30:00",110,1,Web
974,73,131,"2026-05-28 15:42:00",5,0,Web
975,807,25,"2026-07-04 10:07:00",72,0,Tablet
976,978,144,"2026-06-09 20:15:00",28,0,Web
977,270,9,"2026-07-13 00:46:00",26,0,Mobile
978,329,72,"2026-07-12 07:13:00",24,1,"Smart TV"
979,597,34,"2026-06-06 21:37:00",30,1,"Fire TV"
980,775,56,"2026-05-16 14:15:00",51,0,Tablet
981,277,24,"2026-07-03 06:59:00",53,1,"Smart TV"
982,988,135,"2026-07-01 12:02:00",27,0,"Smart TV"
983,247,48,"2026-07-28 21:39:00",31,0,Tablet
984,242,143,"2026-05-20 12:39:00",14,0,"Smart TV"
985,708,85,"2026-07-25 07:39:00",19,0,Tablet
986,716,147,"2026-05-06 01:42:00",12,0,Mobile
987,67,37,"2026-05-24 15:55:00",69,0,Mobile
988,135,14,"2026-05-19 17:55:00",31,0,"Fire TV"
989,114,136,"2026-07-22 17:52:00",102,0,Web
990,663,132,"2026-05-14 09:26:00",54,0,Web
991,512,81,"2026-07-08 18:17:00",64,0,"Fire TV"
992,661,44,"2026-07-14 10:46:00",32,0,Web
993,132,52,"2026-07-05 23:17:00",31,0,Web
994,469,82,"2026-06-18 06:06:00",17,0,"Smart TV"
995,695,146,"2026-07-03 11:24:00",27,0,"Smart TV"
996,604,13,"2026-06-26 16:32:00",25,0,"Smart TV"
997,444,52,"2026-07-09 21:28:00",23,0,Mobile
998,601,103,"2026-05-21 19:57:00",32,0,Web
999,428,2,"2026-06-30 12:37:00",14,0,"Smart TV"
1000,506,136,"2026-06-08 02:28:00",71,0,Mobile
1001,324,29,"2026-05-14 10:11:00",44,0,"Smart TV"
1002,669,143,"2026-05-16 11:41:00",23,0,"Fire TV"
1003,999,28,"2026-07-01 02:45:00",28,0,"Fire TV"
1004,955,87,"2026-07-17 00:53:00",68,0,Mobile
1005,373,138,"2026-05-21 18:26:00",12,0,"Smart TV"
1006,305,28,"2026-07-20 01:22:00",36,0,"Smart TV"
1007,459,60,"2026-06-21 15:49:00",93,1,"Smart TV"
1008,958,66,"2026-05-27 15:07:00",49,0,Web
1009,663,14,"2026-05-07 02:01:00",56,1,"Fire TV"
1010,876,66,"2026-05-02 23:34:00",51,0,"Fire TV"
1011,223,18,"2026-05-09 09:49:00",57,0,"Fire TV"
1012,934,71,"2026-05-27 14:12:00",21,1,"Fire TV"
1013,321,6,"2026-05-10 14:14:00",85,0,Web
1014,594,114,"2026-06-06 07:56:00",94,0,Web
1015,965,111,"2026-06-10 09:09:00",17,0,Tablet
1016,656,77,"2026-07-08 22:19:00",110,0,Web
1017,96,57,"2026-06-16 02:23:00",38,0,Tablet
1018,604,150,"2026-05-22 03:53:00",80,0,"Fire TV"
1019,621,92,"2026-05-27 06:39:00",16,0,Tablet
1020,663,16,"2026-06-18 12:43:00",25,0,"Fire TV"
1021,626,87,"2026-05-30 23:38:00",34,0,Tablet
1022,547,140,"2026-07-18 11:12:00",11,0,Tablet
1023,906,105,"2026-07-25 11:27:00",55,0,Web
1024,645,26,"2026-06-12 09:07:00",58,0,Mobile
1025,582,45,"2026-06-01 05:30:00",52,0,Tablet
1026,667,35,"2026-07-20 13:46:00",21,0,"Smart TV"
1027,432,1,"2026-05-16 11:43:00",30,0,Tablet
1028,461,51,"2026-07-24 12:14:00",32,0,"Smart TV"
1029,713,72,"2026-06-09 04:55:00",19,0,"Fire TV"
1030,613,144,"2026-05-19 07:07:00",31,0,"Fire TV"
1031,733,104,"2026-06-02 02:12:00",28,1,Mobile
1032,602,16,"2026-05-02 01:13:00",27,0,"Smart TV"
1033,846,37,"2026-07-04 22:09:00",5,0,"Smart TV"
1034,416,59,"2026-06-25 10:20:00",55,0,Web
1035,76,87,"2026-06-10 04:12:00",36,0,"Fire TV"
1036,590,6,"2026-06-22 13:18:00",47,0,Tablet
1037,11,71,"2026-06-14 23:09:00",11,0,Web
1038,262,56,"2026-07-19 02:45:00",67,0,"Smart TV"
1039,169,68,"2026-05-12 16:01:00",11,0,Web
1040,904,129,"2026-06-16 16:37:00",29,0,Tablet
1041,570,44,"2026-06-20 18:50:00",66,0,"Fire TV"
1042,274,40,"2026-05-17 17:26:00",36,0,"Fire TV"
1043,180,53,"2026-05-21 01:54:00",6,0,Mobile
1044,960,65,"2026-07-26 19:12:00",38,0,Tablet
1045,69,78,"2026-07-05 20:14:00",65,0,Mobile
1046,91,150,"2026-05-29 03:02:00",1,0,"Smart TV"
1047,767,132,"2026-07-02 10:30:00",96,0,"Smart TV"
1048,599,79,"2026-05-12 12:10:00",28,0,Tablet
1049,572,66,"2026-05-03 05:41:00",63,0,Mobile
1050,129,71,"2026-05-12 17:20:00",16,0,"Fire TV"
1051,641,56,"2026-05-28 12:51:00",92,0,Web
1052,276,57,"2026-05-07 02:25:00",70,0,Tablet
1053,773,63,"2026-05-17 05:43:00",49,0,"Fire TV"
1054,702,3,"2026-07-05 22:04:00",57,1,"Fire TV"
1055,349,109,"2026-07-16 10:37:00",75,0,"Smart TV"
1056,61,29,"2026-06-10 11:18:00",82,0,Mobile
1057,746,56,"2026-05-04 19:19:00",64,0,Tablet
1058,592,119,"2026-06-02 07:41:00",30,0,Mobile
1059,535,68,"2026-05-07 18:42:00",120,1,Mobile
1060,213,77,"2026-06-17 06:31:00",94,0,Tablet
1061,832,23,"2026-05-17 15:41:00",118,1,"Fire TV"
1062,794,23,"2026-07-18 18:41:00",46,0,Web
1063,973,79,"2026-07-06 07:00:00",11,0,Mobile
1064,108,131,"2026-06-24 19:49:00",10,0,Mobile
1065,65,105,"2026-07-14 03:34:00",89,0,"Smart TV"
1066,841,124,"2026-05-04 21:12:00",65,0,"Fire TV"
1067,379,92,"2026-06-14 03:06:00",43,1,Web
1068,701,75,"2026-07-23 18:28:00",22,0,Mobile
1069,438,20,"2026-07-03 09:04:00",79,0,Mobile
1070,674,110,"2026-05-10 14:15:00",19,0,"Smart TV"
1071,92,9,"2026-07-10 06:57:00",22,0,Tablet
1072,434,94,"2026-06-01 10:53:00",101,1,Mobile
1073,675,126,"2026-06-11 14:28:00",28,0,"Fire TV"
1074,354,63,"2026-06-16 08:05:00",60,0,Tablet
1075,488,10,"2026-06-01 19:45:00",88,1,Mobile
1076,965,8,"2026-05-06 10:53:00",44,0,"Smart TV"
1077,306,60,"2026-07-07 07:47:00",62,0,"Smart TV"
1078,677,111,"2026-05-12 18:10:00",53,0,Web
1079,671,101,"2026-05-01 00:51:00",52,0,Tablet
1080,796,35,"2026-06-14 13:48:00",12,0,Tablet
1081,546,55,"2026-07-10 21:27:00",36,0,Mobile
1082,788,79,"2026-06-12 13:17:00",30,1,"Fire TV"
1083,80,23,"2026-06-13 08:29:00",128,1,Tablet
1084,961,15,"2026-07-12 12:11:00",20,0,Mobile
1085,985,38,"2026-07-10 21:13:00",29,0,Mobile
1086,101,27,"2026-07-21 19:01:00",81,0,Mobile
1087,216,123,"2026-06-01 15:59:00",35,0,Mobile
1088,459,10,"2026-07-16 17:57:00",88,1,"Smart TV"
1089,994,32,"2026-05-19 10:15:00",44,0,"Fire TV"
1090,207,119,"2026-05-08 07:38:00",29,0,"Smart TV"
1091,15,73,"2026-06-03 06:22:00",34,1,Tablet
1092,700,5,"2026-06-01 23:15:00",113,0,Mobile
1093,144,87,"2026-06-03 00:04:00",92,1,"Fire TV"
1094,477,32,"2026-07-18 20:09:00",37,0,"Smart TV"
1095,522,73,"2026-07-04 03:59:00",23,0,Tablet
1096,783,75,"2026-05-18 14:36:00",39,0,"Fire TV"
1097,786,72,"2026-07-22 20:04:00",20,0,Mobile
1098,644,108,"2026-07-17 15:52:00",46,0,"Smart TV"
1099,112,117,"2026-07-03 08:19:00",1,0,Tablet
1100,546,84,"2026-06-09 04:28:00",70,0,Tablet
1101,504,53,"2026-05-24 23:05:00",57,0,Mobile
1102,401,36,"2026-06-24 05:22:00",22,0,Mobile
1103,496,115,"2026-07-27 18:23:00",44,0,"Smart TV"
1104,494,77,"2026-05-15 15:10:00",102,0,Mobile
1105,278,10,"2026-06-07 01:47:00",12,0,Web
1106,249,56,"2026-05-03 21:46:00",95,0,"Fire TV"
1107,279,18,"2026-07-25 11:39:00",40,0,Tablet
1108,708,87,"2026-05-05 20:54:00",77,0,Tablet
1109,535,134,"2026-05-12 20:23:00",110,1,Mobile
1110,570,138,"2026-05-31 20:18:00",134,1,"Smart TV"
1111,643,102,"2026-05-17 10:15:00",4,0,Web
1112,502,94,"2026-06-24 23:40:00",83,0,Mobile
1113,350,148,"2026-06-27 04:08:00",20,0,Mobile
1114,814,137,"2026-05-24 19:03:00",37,0,Mobile
1115,193,13,"2026-05-19 15:20:00",13,0,Mobile
1116,844,75,"2026-05-21 10:55:00",54,1,Web
1117,489,79,"2026-07-29 15:58:00",30,1,Tablet
1118,562,53,"2026-06-16 17:49:00",19,0,Web
1119,305,79,"2026-05-01 00:18:00",24,0,Web
1120,929,77,"2026-06-22 20:33:00",50,0,Tablet
1121,654,144,"2026-05-23 22:38:00",70,1,"Smart TV"
1122,725,9,"2026-06-04 06:01:00",34,0,"Smart TV"
1123,627,37,"2026-05-16 19:32:00",31,0,"Smart TV"
1124,6,27,"2026-06-14 16:29:00",36,0,Web
1125,384,88,"2026-05-15 10:35:00",103,0,Tablet
1126,667,144,"2026-05-09 10:51:00",1,0,Web
1127,690,71,"2026-06-25 01:41:00",9,0,Tablet
1128,366,82,"2026-05-14 09:38:00",16,0,"Smart TV"
1129,838,116,"2026-05-19 19:37:00",18,0,"Smart TV"
1130,237,108,"2026-05-02 16:32:00",125,1,"Smart TV"
1131,900,96,"2026-07-23 06:35:00",30,0,"Smart TV"
1132,819,91,"2026-07-01 04:50:00",30,0,"Fire TV"
1133,105,107,"2026-07-07 05:07:00",61,0,"Fire TV"
1134,898,126,"2026-06-13 09:23:00",19,0,"Fire TV"
1135,695,100,"2026-05-20 07:00:00",15,0,"Fire TV"
1136,964,38,"2026-06-26 08:36:00",30,0,"Fire TV"
1137,801,40,"2026-07-01 00:52:00",21,0,Mobile
1138,796,21,"2026-05-02 12:37:00",48,0,"Fire TV"
1139,201,48,"2026-07-06 19:07:00",24,0,Mobile
1140,459,9,"2026-05-09 14:04:00",24,0,"Smart TV"
1141,756,82,"2026-05-28 08:36:00",23,0,Tablet
1142,422,70,"2026-05-12 09:13:00",7,0,Mobile
1143,678,13,"2026-07-23 07:28:00",37,0,"Smart TV"
1144,663,99,"2026-05-24 10:04:00",4,0,Mobile
1145,69,134,"2026-06-12 10:31:00",69,0,Mobile
1146,493,77,"2026-05-09 17:34:00",86,0,Web
1147,15,104,"2026-06-06 19:36:00",16,0,Mobile
1148,579,121,"2026-07-12 04:05:00",77,0,"Smart TV"
1149,822,53,"2026-07-28 17:26:00",27,0,"Smart TV"
1150,119,23,"2026-05-06 06:13:00",75,0,Mobile
1151,961,139,"2026-07-13 02:57:00",28,0,Mobile
1152,184,7,"2026-05-01 23:26:00",50,0,"Smart TV"
1153,261,148,"2026-06-26 06:47:00",22,0,"Smart TV"
1154,612,99,"2026-05-18 19:11:00",22,1,Web
1155,181,9,"2026-05-07 06:59:00",29,0,"Fire TV"
1156,837,40,"2026-07-23 10:03:00",46,1,Mobile
1157,372,98,"2026-05-07 05:04:00",46,0,"Smart TV"
1158,628,126,"2026-05-21 20:48:00",34,1,Tablet
1159,949,132,"2026-06-28 09:35:00",23,0,Mobile
1160,117,132,"2026-07-29 08:45:00",82,0,Tablet
1161,204,134,"2026-05-30 08:37:00",26,0,Mobile
1162,553,112,"2026-05-06 14:55:00",49,0,"Fire TV"
1163,646,60,"2026-07-15 07:37:00",94,1,Tablet
1164,950,9,"2026-06-28 17:41:00",16,0,"Smart TV"
1165,580,6,"2026-05-15 21:29:00",85,0,Tablet
1166,893,123,"2026-06-27 01:02:00",24,0,"Fire TV"
1167,723,69,"2026-06-12 14:28:00",64,0,"Fire TV"
1168,687,125,"2026-07-19 00:48:00",29,0,"Smart TV"
1169,794,9,"2026-07-06 07:25:00",23,0,Tablet
1170,352,29,"2026-07-17 10:29:00",66,0,Mobile
1171,868,2,"2026-07-23 17:31:00",5,0,Web
1172,326,13,"2026-05-09 07:49:00",37,0,Web
1173,314,128,"2026-07-11 00:10:00",31,0,Web
1174,486,52,"2026-05-03 05:14:00",51,0,"Fire TV"
1175,223,125,"2026-06-20 02:26:00",55,0,Tablet
1176,586,10,"2026-07-19 19:02:00",44,0,"Smart TV"
1177,500,144,"2026-05-11 00:09:00",57,0,"Fire TV"
1178,26,138,"2026-05-14 22:53:00",71,0,Mobile
1179,877,56,"2026-07-24 19:50:00",13,0,Tablet
1180,86,119,"2026-05-25 22:59:00",24,0,"Fire TV"
1181,519,54,"2026-07-08 23:26:00",83,0,Web
1182,431,28,"2026-05-29 09:13:00",11,0,Tablet
1183,339,47,"2026-06-10 19:38:00",44,0,"Fire TV"
1184,543,46,"2026-05-21 21:37:00",1,0,"Fire TV"
1185,456,111,"2026-05-17 10:45:00",31,0,Web
1186,412,92,"2026-06-01 20:14:00",37,0,Web
1187,922,144,"2026-06-04 03:10:00",26,0,Web
1188,118,149,"2026-05-30 14:21:00",22,0,Tablet
1189,751,100,"2026-06-24 07:40:00",67,0,Tablet
1190,842,49,"2026-06-19 00:19:00",27,1,Tablet
1191,385,118,"2026-07-10 00:17:00",93,0,Mobile
1192,683,127,"2026-06-09 05:40:00",43,0,Web
1193,546,135,"2026-05-07 02:05:00",32,0,Web
1194,341,6,"2026-06-19 04:29:00",22,0,Tablet
1195,307,117,"2026-06-22 15:06:00",28,0,Tablet
1196,119,93,"2026-06-19 03:07:00",72,0,"Fire TV"
1197,359,32,"2026-06-21 17:20:00",93,1,Tablet
1198,699,55,"2026-05-30 10:51:00",7,0,"Fire TV"
1199,592,139,"2026-06-23 04:08:00",59,0,"Fire TV"
1200,871,4,"2026-05-09 01:44:00",51,0,Tablet
1201,161,132,"2026-05-30 03:22:00",44,0,Web
1202,955,99,"2026-06-11 04:13:00",12,0,Mobile
1203,575,115,"2026-05-22 05:47:00",39,0,Web
1204,189,11,"2026-06-16 17:26:00",24,0,Web
1205,825,140,"2026-07-08 18:25:00",35,0,Web
1206,236,143,"2026-06-04 03:32:00",24,0,Web
1207,355,105,"2026-05-02 17:37:00",11,0,"Fire TV"
1208,660,102,"2026-07-22 02:09:00",41,0,"Smart TV"
1209,984,143,"2026-07-18 19:16:00",4,0,Tablet
1210,746,5,"2026-06-24 02:03:00",58,0,Web
1211,807,100,"2026-05-23 14:31:00",35,0,Web
1212,826,119,"2026-05-09 02:45:00",36,0,Tablet
1213,464,70,"2026-07-22 06:35:00",39,0,"Fire TV"
1214,964,44,"2026-06-23 20:17:00",70,0,Mobile
1215,84,86,"2026-07-27 02:21:00",65,1,"Fire TV"
1216,930,80,"2026-06-25 04:48:00",54,0,"Fire TV"
1217,10,91,"2026-06-07 09:39:00",1,0,Tablet
1218,537,112,"2026-05-20 08:18:00",95,0,"Smart TV"
1219,767,143,"2026-06-20 09:25:00",10,0,"Fire TV"
1220,741,75,"2026-07-19 17:31:00",9,0,"Smart TV"
1221,80,16,"2026-06-03 15:27:00",31,0,"Fire TV"
1222,305,25,"2026-05-04 19:19:00",27,0,"Smart TV"
1223,461,114,"2026-07-24 07:51:00",25,0,Mobile
1224,278,3,"2026-05-25 22:08:00",18,0,"Fire TV"
1225,148,10,"2026-06-07 07:05:00",61,0,Web
1226,227,19,"2026-05-06 06:12:00",42,0,Web
1227,599,122,"2026-05-21 09:08:00",30,0,"Fire TV"
1228,398,124,"2026-07-14 17:16:00",81,0,"Fire TV"
1229,531,86,"2026-05-06 19:52:00",40,0,"Smart TV"
1230,531,140,"2026-06-21 16:25:00",14,0,"Fire TV"
1231,844,58,"2026-05-08 08:11:00",2,0,"Smart TV"
1232,70,146,"2026-06-03 04:43:00",20,0,Tablet
1233,233,14,"2026-07-08 01:43:00",30,0,Web
1234,170,21,"2026-06-24 22:35:00",28,0,"Fire TV"
1235,302,117,"2026-06-26 12:06:00",75,1,Mobile
1236,955,24,"2026-05-16 20:40:00",27,0,"Fire TV"
1237,76,55,"2026-05-28 18:39:00",26,0,"Fire TV"
1238,308,59,"2026-06-22 07:32:00",30,0,Tablet
1239,649,91,"2026-05-14 02:52:00",8,0,Tablet
1240,205,85,"2026-06-09 14:13:00",50,1,Web
1241,422,117,"2026-05-26 23:50:00",75,1,Tablet
1242,476,129,"2026-05-03 08:44:00",21,0,Web
1243,879,94,"2026-06-21 20:05:00",96,1,Tablet
1244,622,15,"2026-05-14 20:12:00",23,1,Tablet
1245,28,135,"2026-06-08 01:08:00",55,0,"Smart TV"
1246,566,96,"2026-05-27 22:14:00",18,0,Web
1247,761,102,"2026-06-16 16:22:00",1,0,"Smart TV"
1248,509,135,"2026-05-21 13:54:00",71,1,"Smart TV"
1249,1,106,"2026-06-25 11:22:00",9,0,"Smart TV"
1250,315,123,"2026-06-27 17:57:00",43,1,Mobile
1251,275,130,"2026-05-18 15:32:00",36,0,Tablet
1252,951,32,"2026-06-21 11:11:00",66,0,Web
1253,917,33,"2026-06-24 19:04:00",69,1,Tablet
1254,360,99,"2026-05-28 08:53:00",24,1,Tablet
1255,686,1,"2026-05-22 19:17:00",59,0,Tablet
1256,343,109,"2026-07-09 06:00:00",65,0,Web
1257,157,24,"2026-05-25 01:01:00",53,1,Web
1258,580,86,"2026-05-18 11:16:00",63,1,"Fire TV"
1259,406,25,"2026-05-18 16:08:00",23,0,"Smart TV"
1260,985,143,"2026-06-28 15:38:00",28,0,Tablet
1261,991,89,"2026-07-03 22:56:00",38,0,"Smart TV"
1262,647,26,"2026-06-23 11:21:00",66,0,"Smart TV"
1263,272,32,"2026-05-31 02:01:00",80,0,Tablet
1264,758,17,"2026-07-04 17:14:00",115,1,Web
1265,704,16,"2026-05-25 09:02:00",17,0,"Fire TV"
1266,574,76,"2026-06-21 11:15:00",89,1,"Fire TV"
1267,875,120,"2026-07-10 04:31:00",81,0,Mobile
1268,884,16,"2026-06-07 04:09:00",12,0,Mobile
1269,172,111,"2026-07-01 02:06:00",36,0,"Fire TV"
1270,756,42,"2026-07-07 04:23:00",1,0,"Smart TV"
1271,973,59,"2026-05-07 10:23:00",75,0,"Smart TV"
1272,411,39,"2026-05-03 05:42:00",84,0,"Smart TV"
1273,861,132,"2026-06-05 12:32:00",103,0,Web
1274,794,4,"2026-05-17 05:11:00",31,0,Tablet
1275,246,148,"2026-07-22 10:12:00",18,0,"Smart TV"
1276,682,65,"2026-07-13 18:17:00",92,1,"Smart TV"
1277,734,12,"2026-06-13 11:56:00",60,0,Tablet
1278,391,37,"2026-06-14 05:01:00",84,0,"Fire TV"
1279,405,86,"2026-05-23 20:45:00",59,1,Mobile
1280,989,45,"2026-07-13 01:26:00",77,0,"Fire TV"
1281,525,21,"2026-05-01 22:54:00",1,0,"Smart TV"
1282,695,50,"2026-06-19 11:00:00",23,0,Tablet
1283,134,44,"2026-07-05 21:40:00",45,0,Web
1284,589,48,"2026-07-02 20:06:00",30,0,Mobile
1285,452,136,"2026-07-16 14:31:00",92,0,Tablet
1286,79,99,"2026-06-10 23:26:00",14,0,Mobile
1287,100,135,"2026-07-08 11:56:00",68,1,Tablet
1288,834,49,"2026-06-07 12:34:00",13,0,"Fire TV"
1289,425,83,"2026-07-14 13:16:00",61,1,"Fire TV"
1290,237,78,"2026-07-04 23:56:00",61,0,Web
1291,939,77,"2026-05-27 20:04:00",72,0,"Smart TV"
1292,439,97,"2026-06-19 21:09:00",121,1,Mobile
1293,675,31,"2026-07-21 09:21:00",66,0,Web
1294,172,57,"2026-05-03 01:17:00",85,0,Tablet
1295,375,51,"2026-05-04 20:07:00",34,0,Mobile
1296,456,121,"2026-07-19 23:42:00",93,0,"Fire TV"
1297,203,16,"2026-06-04 22:41:00",20,0,Tablet
1298,881,139,"2026-05-04 10:09:00",40,0,Mobile
1299,996,63,"2026-07-11 19:12:00",81,0,Tablet
1300,53,114,"2026-05-22 22:35:00",72,0,Web
1301,434,75,"2026-05-23 03:21:00",39,0,Web
1302,965,61,"2026-07-15 14:10:00",63,0,"Fire TV"
