user_id,experiment_name,variant,assigned_date
1,home_ranker_aug26,control,2026-05-01
2,home_ranker_aug26,treatment,2026-05-01
3,home_ranker_aug26,control,2026-05-01
4,home_ranker_aug26,treatment,2026-05-01
5,home_ranker_aug26,control,2026-05-01
6,home_ranker_aug26,treatment,2026-05-01
7,home_ranker_aug26,control,2026-05-01
8,home_ranker_aug26,treatment,2026-05-01
9,home_ranker_aug26,control,2026-05-01
10,home_ranker_aug26,treatment,2026-05-01
11,home_ranker_aug26,control,2026-05-01
12,home_ranker_aug26,treatment,2026-05-01
13,home_ranker_aug26,control,2026-05-01
14,home_ranker_aug26,treatment,2026-05-01
15,home_ranker_aug26,control,2026-05-01
16,home_ranker_aug26,treatment,2026-05-01
17,home_ranker_aug26,control,2026-05-01
18,home_ranker_aug26,treatment,2026-05-01
19,home_ranker_aug26,control,2026-05-01
20,home_ranker_aug26,treatment,2026-05-01
21,home_ranker_aug26,control,2026-05-01
22,home_ranker_aug26,treatment,2026-05-01
23,home_ranker_aug26,control,2026-05-01
24,home_ranker_aug26,treatment,2026-05-01
25,home_ranker_aug26,control,2026-05-01
26,home_ranker_aug26,treatment,2026-05-01
27,home_ranker_aug26,control,2026-05-01
28,home_ranker_aug26,treatment,2026-05-01
29,home_ranker_aug26,control,2026-05-01
30,home_ranker_aug26,treatment,2026-05-01
31,home_ranker_aug26,control,2026-05-01
32,home_ranker_aug26,treatment,2026-05-01
33,home_ranker_aug26,control,2026-05-01
34,home_ranker_aug26,treatment,2026-05-01
35,home_ranker_aug26,control,2026-05-01
36,home_ranker_aug26,treatment,2026-05-01
37,home_ranker_aug26,control,2026-05-01
38,home_ranker_aug26,treatment,2026-05-01
39,home_ranker_aug26,control,2026-05-01
40,home_ranker_aug26,treatment,2026-05-01
41,home_ranker_aug26,control,2026-05-01
42,home_ranker_aug26,treatment,2026-05-01
43,home_ranker_aug26,control,2026-05-01
44,home_ranker_aug26,treatment,2026-05-01
45,home_ranker_aug26,control,2026-05-01
46,home_ranker_aug26,treatment,2026-05-01
47,home_ranker_aug26,control,2026-05-01
48,home_ranker_aug26,treatment,2026-05-01
49,home_ranker_aug26,control,2026-05-01
50,home_ranker_aug26,treatment,2026-05-01
51,home_ranker_aug26,control,2026-05-01
52,home_ranker_aug26,treatment,2026-05-01
53,home_ranker_aug26,control,2026-05-01
54,home_ranker_aug26,treatment,2026-05-01
55,home_ranker_aug26,control,2026-05-01
56,home_ranker_aug26,treatment,2026-05-01
57,home_ranker_aug26,control,2026-05-01
58,home_ranker_aug26,treatment,2026-05-01
59,home_ranker_aug26,control,2026-05-01
60,home_ranker_aug26,treatment,2026-05-01
61,home_ranker_aug26,control,2026-05-01
62,home_ranker_aug26,treatment,2026-05-01
63,home_ranker_aug26,control,2026-05-01
64,home_ranker_aug26,treatment,2026-05-01
65,home_ranker_aug26,control,2026-05-01
66,home_ranker_aug26,treatment,2026-05-01
67,home_ranker_aug26,control,2026-05-01
68,home_ranker_aug26,treatment,2026-05-01
69,home_ranker_aug26,control,2026-05-01
70,home_ranker_aug26,treatment,2026-05-01
71,home_ranker_aug26,control,2026-05-01
72,home_ranker_aug26,treatment,2026-05-01
73,home_ranker_aug26,control,2026-05-01
74,home_ranker_aug26,treatment,2026-05-01
75,home_ranker_aug26,control,2026-05-01
76,home_ranker_aug26,treatment,2026-05-01
77,home_ranker_aug26,control,2026-05-01
78,home_ranker_aug26,treatment,2026-05-01
79,home_ranker_aug26,control,2026-05-01
80,home_ranker_aug26,treatment,2026-05-01
81,home_ranker_aug26,control,2026-05-01
82,home_ranker_aug26,treatment,2026-05-01
83,home_ranker_aug26,control,2026-05-01
84,home_ranker_aug26,treatment,2026-05-01
85,home_ranker_aug26,control,2026-05-01
86,home_ranker_aug26,treatment,2026-05-01
87,home_ranker_aug26,control,2026-05-01
88,home_ranker_aug26,treatment,2026-05-01
89,home_ranker_aug26,control,2026-05-01
90,home_ranker_aug26,treatment,2026-05-01
91,home_ranker_aug26,control,2026-05-01
92,home_ranker_aug26,treatment,2026-05-01
93,home_ranker_aug26,control,2026-05-01
94,home_ranker_aug26,treatment,2026-05-01
95,home_ranker_aug26,control,2026-05-01
96,home_ranker_aug26,treatment,2026-05-01
97,home_ranker_aug26,control,2026-05-01
98,home_ranker_aug26,treatment,2026-05-01
99,home_ranker_aug26,control,2026-05-01
100,home_ranker_aug26,treatment,2026-05-01
101,home_ranker_aug26,control,2026-05-01
102,home_ranker_aug26,treatment,2026-05-01
103,home_ranker_aug26,control,2026-05-01
104,home_ranker_aug26,treatment,2026-05-01
105,home_ranker_aug26,control,2026-05-01
106,home_ranker_aug26,treatment,2026-05-01
107,home_ranker_aug26,control,2026-05-01
108,home_ranker_aug26,treatment,2026-05-01
109,home_ranker_aug26,control,2026-05-01
110,home_ranker_aug26,treatment,2026-05-01
111,home_ranker_aug26,control,2026-05-01
112,home_ranker_aug26,treatment,2026-05-01
113,home_ranker_aug26,control,2026-05-01
114,home_ranker_aug26,treatment,2026-05-01
115,home_ranker_aug26,control,2026-05-01
116,home_ranker_aug26,treatment,2026-05-01
117,home_ranker_aug26,control,2026-05-01
118,home_ranker_aug26,treatment,2026-05-01
119,home_ranker_aug26,control,2026-05-01
120,home_ranker_aug26,treatment,2026-05-01
121,home_ranker_aug26,control,2026-05-01
122,home_ranker_aug26,treatment,2026-05-01
123,home_ranker_aug26,control,2026-05-01
124,home_ranker_aug26,treatment,2026-05-01
125,home_ranker_aug26,control,2026-05-01
126,home_ranker_aug26,treatment,2026-05-01
127,home_ranker_aug26,control,2026-05-01
128,home_ranker_aug26,treatment,2026-05-01
129,home_ranker_aug26,control,2026-05-01
130,home_ranker_aug26,treatment,2026-05-01
131,home_ranker_aug26,control,2026-05-01
132,home_ranker_aug26,treatment,2026-05-01
133,home_ranker_aug26,control,2026-05-01
134,home_ranker_aug26,treatment,2026-05-01
135,home_ranker_aug26,control,2026-05-01
136,home_ranker_aug26,treatment,2026-05-01
137,home_ranker_aug26,control,2026-05-01
138,home_ranker_aug26,treatment,2026-05-01
139,home_ranker_aug26,control,2026-05-01
140,home_ranker_aug26,treatment,2026-05-01
141,home_ranker_aug26,control,2026-05-01
142,home_ranker_aug26,treatment,2026-05-01
143,home_ranker_aug26,control,2026-05-01
144,home_ranker_aug26,treatment,2026-05-01
145,home_ranker_aug26,control,2026-05-01
146,home_ranker_aug26,treatment,2026-05-01
147,home_ranker_aug26,control,2026-05-01
148,home_ranker_aug26,treatment,2026-05-01
149,home_ranker_aug26,control,2026-05-01
150,home_ranker_aug26,treatment,2026-05-01
151,home_ranker_aug26,control,2026-05-01
152,home_ranker_aug26,treatment,2026-05-01
153,home_ranker_aug26,control,2026-05-01
154,home_ranker_aug26,treatment,2026-05-01
155,home_ranker_aug26,control,2026-05-01
156,home_ranker_aug26,treatment,2026-05-01
157,home_ranker_aug26,control,2026-05-01
158,home_ranker_aug26,treatment,2026-05-01
159,home_ranker_aug26,control,2026-05-01
160,home_ranker_aug26,treatment,2026-05-01
161,home_ranker_aug26,control,2026-05-01
162,home_ranker_aug26,treatment,2026-05-01
163,home_ranker_aug26,control,2026-05-01
164,home_ranker_aug26,treatment,2026-05-01
165,home_ranker_aug26,control,2026-05-01
166,home_ranker_aug26,treatment,2026-05-01
167,home_ranker_aug26,control,2026-05-01
168,home_ranker_aug26,treatment,2026-05-01
169,home_ranker_aug26,control,2026-05-01
170,home_ranker_aug26,treatment,2026-05-01
171,home_ranker_aug26,control,2026-05-01
172,home_ranker_aug26,treatment,2026-05-01
173,home_ranker_aug26,control,2026-05-01
174,home_ranker_aug26,treatment,2026-05-01
175,home_ranker_aug26,control,2026-05-01
176,home_ranker_aug26,treatment,2026-05-01
177,home_ranker_aug26,control,2026-05-01
178,home_ranker_aug26,treatment,2026-05-01
179,home_ranker_aug26,control,2026-05-01
180,home_ranker_aug26,treatment,2026-05-01
181,home_ranker_aug26,control,2026-05-01
182,home_ranker_aug26,treatment,2026-05-01
183,home_ranker_aug26,control,2026-05-01
184,home_ranker_aug26,treatment,2026-05-01
185,home_ranker_aug26,control,2026-05-01
186,home_ranker_aug26,treatment,2026-05-01
187,home_ranker_aug26,control,2026-05-01
188,home_ranker_aug26,treatment,2026-05-01
189,home_ranker_aug26,control,2026-05-01
190,home_ranker_aug26,treatment,2026-05-01
191,home_ranker_aug26,control,2026-05-01
192,home_ranker_aug26,treatment,2026-05-01
193,home_ranker_aug26,control,2026-05-01
194,home_ranker_aug26,treatment,2026-05-01
195,home_ranker_aug26,control,2026-05-01
196,home_ranker_aug26,treatment,2026-05-01
197,home_ranker_aug26,control,2026-05-01
198,home_ranker_aug26,treatment,2026-05-01
199,home_ranker_aug26,control,2026-05-01
200,home_ranker_aug26,treatment,2026-05-01
201,home_ranker_aug26,control,2026-05-01
202,home_ranker_aug26,treatment,2026-05-01
203,home_ranker_aug26,control,2026-05-01
204,home_ranker_aug26,treatment,2026-05-01
205,home_ranker_aug26,control,2026-05-01
206,home_ranker_aug26,treatment,2026-05-01
207,home_ranker_aug26,control,2026-05-01
208,home_ranker_aug26,treatment,2026-05-01
209,home_ranker_aug26,control,2026-05-01
210,home_ranker_aug26,treatment,2026-05-01
211,home_ranker_aug26,control,2026-05-01
212,home_ranker_aug26,treatment,2026-05-01
213,home_ranker_aug26,control,2026-05-01
214,home_ranker_aug26,treatment,2026-05-01
215,home_ranker_aug26,control,2026-05-01
216,home_ranker_aug26,treatment,2026-05-01
217,home_ranker_aug26,control,2026-05-01
218,home_ranker_aug26,treatment,2026-05-01
219,home_ranker_aug26,control,2026-05-01
220,home_ranker_aug26,treatment,2026-05-01
221,home_ranker_aug26,control,2026-05-01
222,home_ranker_aug26,treatment,2026-05-01
223,home_ranker_aug26,control,2026-05-01
224,home_ranker_aug26,treatment,2026-05-01
225,home_ranker_aug26,control,2026-05-01
226,home_ranker_aug26,treatment,2026-05-01
227,home_ranker_aug26,control,2026-05-01
228,home_ranker_aug26,treatment,2026-05-01
229,home_ranker_aug26,control,2026-05-01
230,home_ranker_aug26,treatment,2026-05-01
231,home_ranker_aug26,control,2026-05-01
232,home_ranker_aug26,treatment,2026-05-01
233,home_ranker_aug26,control,2026-05-01
234,home_ranker_aug26,treatment,2026-05-01
235,home_ranker_aug26,control,2026-05-01
236,home_ranker_aug26,treatment,2026-05-01
237,home_ranker_aug26,control,2026-05-01
238,home_ranker_aug26,treatment,2026-05-01
239,home_ranker_aug26,control,2026-05-01
240,home_ranker_aug26,treatment,2026-05-01
241,home_ranker_aug26,control,2026-05-01
242,home_ranker_aug26,treatment,2026-05-01
243,home_ranker_aug26,control,2026-05-01
244,home_ranker_aug26,treatment,2026-05-01
245,home_ranker_aug26,control,2026-05-01
246,home_ranker_aug26,treatment,2026-05-01
247,home_ranker_aug26,control,2026-05-01
248,home_ranker_aug26,treatment,2026-05-01
249,home_ranker_aug26,control,2026-05-01
250,home_ranker_aug26,treatment,2026-05-01
251,home_ranker_aug26,control,2026-05-01
252,home_ranker_aug26,treatment,2026-05-01
253,home_ranker_aug26,control,2026-05-01
254,home_ranker_aug26,treatment,2026-05-01
255,home_ranker_aug26,control,2026-05-01
256,home_ranker_aug26,treatment,2026-05-01
257,home_ranker_aug26,control,2026-05-01
258,home_ranker_aug26,treatment,2026-05-01
259,home_ranker_aug26,control,2026-05-01
260,home_ranker_aug26,treatment,2026-05-01
261,home_ranker_aug26,control,2026-05-01
262,home_ranker_aug26,treatment,2026-05-01
263,home_ranker_aug26,control,2026-05-01
264,home_ranker_aug26,treatment,2026-05-01
265,home_ranker_aug26,control,2026-05-01
266,home_ranker_aug26,treatment,2026-05-01
267,home_ranker_aug26,control,2026-05-01
268,home_ranker_aug26,treatment,2026-05-01
269,home_ranker_aug26,control,2026-05-01
270,home_ranker_aug26,treatment,2026-05-01
271,home_ranker_aug26,control,2026-05-01
272,home_ranker_aug26,treatment,2026-05-01
273,home_ranker_aug26,control,2026-05-01
274,home_ranker_aug26,treatment,2026-05-01
275,home_ranker_aug26,control,2026-05-01
276,home_ranker_aug26,treatment,2026-05-01
277,home_ranker_aug26,control,2026-05-01
278,home_ranker_aug26,treatment,2026-05-01
279,home_ranker_aug26,control,2026-05-01
280,home_ranker_aug26,treatment,2026-05-01
281,home_ranker_aug26,control,2026-05-01
282,home_ranker_aug26,treatment,2026-05-01
283,home_ranker_aug26,control,2026-05-01
284,home_ranker_aug26,treatment,2026-05-01
285,home_ranker_aug26,control,2026-05-01
286,home_ranker_aug26,treatment,2026-05-01
287,home_ranker_aug26,control,2026-05-01
288,home_ranker_aug26,treatment,2026-05-01
289,home_ranker_aug26,control,2026-05-01
290,home_ranker_aug26,treatment,2026-05-01
291,home_ranker_aug26,control,2026-05-01
292,home_ranker_aug26,treatment,2026-05-01
293,home_ranker_aug26,control,2026-05-01
294,home_ranker_aug26,treatment,2026-05-01
295,home_ranker_aug26,control,2026-05-01
296,home_ranker_aug26,treatment,2026-05-01
297,home_ranker_aug26,control,2026-05-01
298,home_ranker_aug26,treatment,2026-05-01
299,home_ranker_aug26,control,2026-05-01
300,home_ranker_aug26,treatment,2026-05-01
301,home_ranker_aug26,control,2026-05-01
302,home_ranker_aug26,treatment,2026-05-01
303,home_ranker_aug26,control,2026-05-01
304,home_ranker_aug26,treatment,2026-05-01
305,home_ranker_aug26,control,2026-05-01
306,home_ranker_aug26,treatment,2026-05-01
307,home_ranker_aug26,control,2026-05-01
308,home_ranker_aug26,treatment,2026-05-01
309,home_ranker_aug26,control,2026-05-01
310,home_ranker_aug26,treatment,2026-05-01
311,home_ranker_aug26,control,2026-05-01
312,home_ranker_aug26,treatment,2026-05-01
313,home_ranker_aug26,control,2026-05-01
314,home_ranker_aug26,treatment,2026-05-01
315,home_ranker_aug26,control,2026-05-01
316,home_ranker_aug26,treatment,2026-05-01
317,home_ranker_aug26,control,2026-05-01
318,home_ranker_aug26,treatment,2026-05-01
319,home_ranker_aug26,control,2026-05-01
320,home_ranker_aug26,treatment,2026-05-01
321,home_ranker_aug26,control,2026-05-01
322,home_ranker_aug26,treatment,2026-05-01
323,home_ranker_aug26,control,2026-05-01
324,home_ranker_aug26,treatment,2026-05-01
325,home_ranker_aug26,control,2026-05-01
326,home_ranker_aug26,treatment,2026-05-01
327,home_ranker_aug26,control,2026-05-01
328,home_ranker_aug26,treatment,2026-05-01
329,home_ranker_aug26,control,2026-05-01
330,home_ranker_aug26,treatment,2026-05-01
331,home_ranker_aug26,control,2026-05-01
332,home_ranker_aug26,treatment,2026-05-01
333,home_ranker_aug26,control,2026-05-01
334,home_ranker_aug26,treatment,2026-05-01
335,home_ranker_aug26,control,2026-05-01
336,home_ranker_aug26,treatment,2026-05-01
337,home_ranker_aug26,control,2026-05-01
338,home_ranker_aug26,treatment,2026-05-01
339,home_ranker_aug26,control,2026-05-01
340,home_ranker_aug26,treatment,2026-05-01
341,home_ranker_aug26,control,2026-05-01
342,home_ranker_aug26,treatment,2026-05-01
343,home_ranker_aug26,control,2026-05-01
344,home_ranker_aug26,treatment,2026-05-01
345,home_ranker_aug26,control,2026-05-01
346,home_ranker_aug26,treatment,2026-05-01
347,home_ranker_aug26,control,2026-05-01
348,home_ranker_aug26,treatment,2026-05-01
349,home_ranker_aug26,control,2026-05-01
350,home_ranker_aug26,treatment,2026-05-01
351,home_ranker_aug26,control,2026-05-01
352,home_ranker_aug26,treatment,2026-05-01
353,home_ranker_aug26,control,2026-05-01
354,home_ranker_aug26,treatment,2026-05-01
355,home_ranker_aug26,control,2026-05-01
356,home_ranker_aug26,treatment,2026-05-01
357,home_ranker_aug26,control,2026-05-01
358,home_ranker_aug26,treatment,2026-05-01
359,home_ranker_aug26,control,2026-05-01
360,home_ranker_aug26,treatment,2026-05-01
361,home_ranker_aug26,control,2026-05-01
362,home_ranker_aug26,treatment,2026-05-01
363,home_ranker_aug26,control,2026-05-01
364,home_ranker_aug26,treatment,2026-05-01
365,home_ranker_aug26,control,2026-05-01
366,home_ranker_aug26,treatment,2026-05-01
367,home_ranker_aug26,control,2026-05-01
368,home_ranker_aug26,treatment,2026-05-01
369,home_ranker_aug26,control,2026-05-01
370,home_ranker_aug26,treatment,2026-05-01
371,home_ranker_aug26,control,2026-05-01
372,home_ranker_aug26,treatment,2026-05-01
373,home_ranker_aug26,control,2026-05-01
374,home_ranker_aug26,treatment,2026-05-01
375,home_ranker_aug26,control,2026-05-01
376,home_ranker_aug26,treatment,2026-05-01
377,home_ranker_aug26,control,2026-05-01
378,home_ranker_aug26,treatment,2026-05-01
379,home_ranker_aug26,control,2026-05-01
380,home_ranker_aug26,treatment,2026-05-01
381,home_ranker_aug26,control,2026-05-01
382,home_ranker_aug26,treatment,2026-05-01
383,home_ranker_aug26,control,2026-05-01
384,home_ranker_aug26,treatment,2026-05-01
385,home_ranker_aug26,control,2026-05-01
386,home_ranker_aug26,treatment,2026-05-01
387,home_ranker_aug26,control,2026-05-01
388,home_ranker_aug26,treatment,2026-05-01
389,home_ranker_aug26,control,2026-05-01
390,home_ranker_aug26,treatment,2026-05-01
391,home_ranker_aug26,control,2026-05-01
392,home_ranker_aug26,treatment,2026-05-01
393,home_ranker_aug26,control,2026-05-01
394,home_ranker_aug26,treatment,2026-05-01
395,home_ranker_aug26,control,2026-05-01
396,home_ranker_aug26,treatment,2026-05-01
397,home_ranker_aug26,control,2026-05-01
398,home_ranker_aug26,treatment,2026-05-01
399,home_ranker_aug26,control,2026-05-01
400,home_ranker_aug26,treatment,2026-05-01
401,home_ranker_aug26,control,2026-05-01
402,home_ranker_aug26,treatment,2026-05-01
403,home_ranker_aug26,control,2026-05-01
404,home_ranker_aug26,treatment,2026-05-01
405,home_ranker_aug26,control,2026-05-01
406,home_ranker_aug26,treatment,2026-05-01
407,home_ranker_aug26,control,2026-05-01
408,home_ranker_aug26,treatment,2026-05-01
409,home_ranker_aug26,control,2026-05-01
410,home_ranker_aug26,treatment,2026-05-01
411,home_ranker_aug26,control,2026-05-01
412,home_ranker_aug26,treatment,2026-05-01
413,home_ranker_aug26,control,2026-05-01
414,home_ranker_aug26,treatment,2026-05-01
415,home_ranker_aug26,control,2026-05-01
416,home_ranker_aug26,treatment,2026-05-01
417,home_ranker_aug26,control,2026-05-01
418,home_ranker_aug26,treatment,2026-05-01
419,home_ranker_aug26,control,2026-05-01
420,home_ranker_aug26,treatment,2026-05-01
421,home_ranker_aug26,control,2026-05-01
422,home_ranker_aug26,treatment,2026-05-01
423,home_ranker_aug26,control,2026-05-01
424,home_ranker_aug26,treatment,2026-05-01
425,home_ranker_aug26,control,2026-05-01
426,home_ranker_aug26,treatment,2026-05-01
427,home_ranker_aug26,control,2026-05-01
428,home_ranker_aug26,treatment,2026-05-01
429,home_ranker_aug26,control,2026-05-01
430,home_ranker_aug26,treatment,2026-05-01
431,home_ranker_aug26,control,2026-05-01
432,home_ranker_aug26,treatment,2026-05-01
433,home_ranker_aug26,control,2026-05-01
434,home_ranker_aug26,treatment,2026-05-01
435,home_ranker_aug26,control,2026-05-01
436,home_ranker_aug26,treatment,2026-05-01
437,home_ranker_aug26,control,2026-05-01
438,home_ranker_aug26,treatment,2026-05-01
439,home_ranker_aug26,control,2026-05-01
440,home_ranker_aug26,treatment,2026-05-01
441,home_ranker_aug26,control,2026-05-01
442,home_ranker_aug26,treatment,2026-05-01
443,home_ranker_aug26,control,2026-05-01
444,home_ranker_aug26,treatment,2026-05-01
445,home_ranker_aug26,control,2026-05-01
446,home_ranker_aug26,treatment,2026-05-01
447,home_ranker_aug26,control,2026-05-01
448,home_ranker_aug26,treatment,2026-05-01
449,home_ranker_aug26,control,2026-05-01
450,home_ranker_aug26,treatment,2026-05-01
451,home_ranker_aug26,control,2026-05-01
452,home_ranker_aug26,treatment,2026-05-01
453,home_ranker_aug26,control,2026-05-01
454,home_ranker_aug26,treatment,2026-05-01
455,home_ranker_aug26,control,2026-05-01
456,home_ranker_aug26,treatment,2026-05-01
457,home_ranker_aug26,control,2026-05-01
458,home_ranker_aug26,treatment,2026-05-01
459,home_ranker_aug26,control,2026-05-01
460,home_ranker_aug26,treatment,2026-05-01
461,home_ranker_aug26,control,2026-05-01
462,home_ranker_aug26,treatment,2026-05-01
463,home_ranker_aug26,control,2026-05-01
464,home_ranker_aug26,treatment,2026-05-01
465,home_ranker_aug26,control,2026-05-01
466,home_ranker_aug26,treatment,2026-05-01
467,home_ranker_aug26,control,2026-05-01
468,home_ranker_aug26,treatment,2026-05-01
469,home_ranker_aug26,control,2026-05-01
470,home_ranker_aug26,treatment,2026-05-01
471,home_ranker_aug26,control,2026-05-01
472,home_ranker_aug26,treatment,2026-05-01
473,home_ranker_aug26,control,2026-05-01
474,home_ranker_aug26,treatment,2026-05-01
475,home_ranker_aug26,control,2026-05-01
476,home_ranker_aug26,treatment,2026-05-01
477,home_ranker_aug26,control,2026-05-01
478,home_ranker_aug26,treatment,2026-05-01
479,home_ranker_aug26,control,2026-05-01
480,home_ranker_aug26,treatment,2026-05-01
481,home_ranker_aug26,control,2026-05-01
482,home_ranker_aug26,treatment,2026-05-01
483,home_ranker_aug26,control,2026-05-01
484,home_ranker_aug26,treatment,2026-05-01
485,home_ranker_aug26,control,2026-05-01
486,home_ranker_aug26,treatment,2026-05-01
487,home_ranker_aug26,control,2026-05-01
488,home_ranker_aug26,treatment,2026-05-01
489,home_ranker_aug26,control,2026-05-01
490,home_ranker_aug26,treatment,2026-05-01
491,home_ranker_aug26,control,2026-05-01
492,home_ranker_aug26,treatment,2026-05-01
493,home_ranker_aug26,control,2026-05-01
494,home_ranker_aug26,treatment,2026-05-01
495,home_ranker_aug26,control,2026-05-01
496,home_ranker_aug26,treatment,2026-05-01
497,home_ranker_aug26,control,2026-05-01
498,home_ranker_aug26,treatment,2026-05-01
499,home_ranker_aug26,control,2026-05-01
500,home_ranker_aug26,treatment,2026-05-01
501,home_ranker_aug26,control,2026-05-01
502,home_ranker_aug26,treatment,2026-05-01
503,home_ranker_aug26,control,2026-05-01
504,home_ranker_aug26,treatment,2026-05-01
505,home_ranker_aug26,control,2026-05-01
506,home_ranker_aug26,treatment,2026-05-01
507,home_ranker_aug26,control,2026-05-01
508,home_ranker_aug26,treatment,2026-05-01
509,home_ranker_aug26,control,2026-05-01
510,home_ranker_aug26,treatment,2026-05-01
511,home_ranker_aug26,control,2026-05-01
512,home_ranker_aug26,treatment,2026-05-01
513,home_ranker_aug26,control,2026-05-01
514,home_ranker_aug26,treatment,2026-05-01
515,home_ranker_aug26,control,2026-05-01
516,home_ranker_aug26,treatment,2026-05-01
517,home_ranker_aug26,control,2026-05-01
518,home_ranker_aug26,treatment,2026-05-01
519,home_ranker_aug26,control,2026-05-01
520,home_ranker_aug26,treatment,2026-05-01
521,home_ranker_aug26,control,2026-05-01
522,home_ranker_aug26,treatment,2026-05-01
523,home_ranker_aug26,control,2026-05-01
524,home_ranker_aug26,treatment,2026-05-01
525,home_ranker_aug26,control,2026-05-01
526,home_ranker_aug26,treatment,2026-05-01
527,home_ranker_aug26,control,2026-05-01
528,home_ranker_aug26,treatment,2026-05-01
529,home_ranker_aug26,control,2026-05-01
530,home_ranker_aug26,treatment,2026-05-01
531,home_ranker_aug26,control,2026-05-01
532,home_ranker_aug26,treatment,2026-05-01
533,home_ranker_aug26,control,2026-05-01
534,home_ranker_aug26,treatment,2026-05-01
535,home_ranker_aug26,control,2026-05-01
536,home_ranker_aug26,treatment,2026-05-01
537,home_ranker_aug26,control,2026-05-01
538,home_ranker_aug26,treatment,2026-05-01
539,home_ranker_aug26,control,2026-05-01
540,home_ranker_aug26,treatment,2026-05-01
541,home_ranker_aug26,control,2026-05-01
542,home_ranker_aug26,treatment,2026-05-01
543,home_ranker_aug26,control,2026-05-01
544,home_ranker_aug26,treatment,2026-05-01
545,home_ranker_aug26,control,2026-05-01
546,home_ranker_aug26,treatment,2026-05-01
547,home_ranker_aug26,control,2026-05-01
548,home_ranker_aug26,treatment,2026-05-01
549,home_ranker_aug26,control,2026-05-01
550,home_ranker_aug26,treatment,2026-05-01
551,home_ranker_aug26,control,2026-05-01
552,home_ranker_aug26,treatment,2026-05-01
553,home_ranker_aug26,control,2026-05-01
554,home_ranker_aug26,treatment,2026-05-01
555,home_ranker_aug26,control,2026-05-01
556,home_ranker_aug26,treatment,2026-05-01
557,home_ranker_aug26,control,2026-05-01
558,home_ranker_aug26,treatment,2026-05-01
559,home_ranker_aug26,control,2026-05-01
560,home_ranker_aug26,treatment,2026-05-01
561,home_ranker_aug26,control,2026-05-01
562,home_ranker_aug26,treatment,2026-05-01
563,home_ranker_aug26,control,2026-05-01
564,home_ranker_aug26,treatment,2026-05-01
565,home_ranker_aug26,control,2026-05-01
566,home_ranker_aug26,treatment,2026-05-01
567,home_ranker_aug26,control,2026-05-01
568,home_ranker_aug26,treatment,2026-05-01
569,home_ranker_aug26,control,2026-05-01
570,home_ranker_aug26,treatment,2026-05-01
571,home_ranker_aug26,control,2026-05-01
572,home_ranker_aug26,treatment,2026-05-01
573,home_ranker_aug26,control,2026-05-01
574,home_ranker_aug26,treatment,2026-05-01
575,home_ranker_aug26,control,2026-05-01
576,home_ranker_aug26,treatment,2026-05-01
577,home_ranker_aug26,control,2026-05-01
578,home_ranker_aug26,treatment,2026-05-01
579,home_ranker_aug26,control,2026-05-01
580,home_ranker_aug26,treatment,2026-05-01
581,home_ranker_aug26,control,2026-05-01
582,home_ranker_aug26,treatment,2026-05-01
583,home_ranker_aug26,control,2026-05-01
584,home_ranker_aug26,treatment,2026-05-01
585,home_ranker_aug26,control,2026-05-01
586,home_ranker_aug26,treatment,2026-05-01
587,home_ranker_aug26,control,2026-05-01
588,home_ranker_aug26,treatment,2026-05-01
589,home_ranker_aug26,control,2026-05-01
590,home_ranker_aug26,treatment,2026-05-01
591,home_ranker_aug26,control,2026-05-01
592,home_ranker_aug26,treatment,2026-05-01
593,home_ranker_aug26,control,2026-05-01
594,home_ranker_aug26,treatment,2026-05-01
595,home_ranker_aug26,control,2026-05-01
596,home_ranker_aug26,treatment,2026-05-01
597,home_ranker_aug26,control,2026-05-01
598,home_ranker_aug26,treatment,2026-05-01
599,home_ranker_aug26,control,2026-05-01
600,home_ranker_aug26,treatment,2026-05-01
601,home_ranker_aug26,control,2026-05-01
602,home_ranker_aug26,treatment,2026-05-01
603,home_ranker_aug26,control,2026-05-01
604,home_ranker_aug26,treatment,2026-05-01
605,home_ranker_aug26,control,2026-05-01
606,home_ranker_aug26,treatment,2026-05-01
607,home_ranker_aug26,control,2026-05-01
608,home_ranker_aug26,treatment,2026-05-01
609,home_ranker_aug26,control,2026-05-01
610,home_ranker_aug26,treatment,2026-05-01
611,home_ranker_aug26,control,2026-05-01
612,home_ranker_aug26,treatment,2026-05-01
613,home_ranker_aug26,control,2026-05-01
614,home_ranker_aug26,treatment,2026-05-01
615,home_ranker_aug26,control,2026-05-01
616,home_ranker_aug26,treatment,2026-05-01
617,home_ranker_aug26,control,2026-05-01
618,home_ranker_aug26,treatment,2026-05-01
619,home_ranker_aug26,control,2026-05-01
620,home_ranker_aug26,treatment,2026-05-01
621,home_ranker_aug26,control,2026-05-01
622,home_ranker_aug26,treatment,2026-05-01
623,home_ranker_aug26,control,2026-05-01
624,home_ranker_aug26,treatment,2026-05-01
625,home_ranker_aug26,control,2026-05-01
626,home_ranker_aug26,treatment,2026-05-01
627,home_ranker_aug26,control,2026-05-01
628,home_ranker_aug26,treatment,2026-05-01
629,home_ranker_aug26,control,2026-05-01
630,home_ranker_aug26,treatment,2026-05-01
631,home_ranker_aug26,control,2026-05-01
632,home_ranker_aug26,treatment,2026-05-01
633,home_ranker_aug26,control,2026-05-01
634,home_ranker_aug26,treatment,2026-05-01
635,home_ranker_aug26,control,2026-05-01
636,home_ranker_aug26,treatment,2026-05-01
637,home_ranker_aug26,control,2026-05-01
638,home_ranker_aug26,treatment,2026-05-01
639,home_ranker_aug26,control,2026-05-01
640,home_ranker_aug26,treatment,2026-05-01
641,home_ranker_aug26,control,2026-05-01
642,home_ranker_aug26,treatment,2026-05-01
643,home_ranker_aug26,control,2026-05-01
644,home_ranker_aug26,treatment,2026-05-01
645,home_ranker_aug26,control,2026-05-01
646,home_ranker_aug26,treatment,2026-05-01
647,home_ranker_aug26,control,2026-05-01
648,home_ranker_aug26,treatment,2026-05-01
649,home_ranker_aug26,control,2026-05-01
650,home_ranker_aug26,treatment,2026-05-01
651,home_ranker_aug26,control,2026-05-01
652,home_ranker_aug26,treatment,2026-05-01
653,home_ranker_aug26,control,2026-05-01
654,home_ranker_aug26,treatment,2026-05-01
655,home_ranker_aug26,control,2026-05-01
656,home_ranker_aug26,treatment,2026-05-01
657,home_ranker_aug26,control,2026-05-01
658,home_ranker_aug26,treatment,2026-05-01
659,home_ranker_aug26,control,2026-05-01
660,home_ranker_aug26,treatment,2026-05-01
661,home_ranker_aug26,control,2026-05-01
662,home_ranker_aug26,treatment,2026-05-01
663,home_ranker_aug26,control,2026-05-01
664,home_ranker_aug26,treatment,2026-05-01
665,home_ranker_aug26,control,2026-05-01
666,home_ranker_aug26,treatment,2026-05-01
667,home_ranker_aug26,control,2026-05-01
668,home_ranker_aug26,treatment,2026-05-01
669,home_ranker_aug26,control,2026-05-01
670,home_ranker_aug26,treatment,2026-05-01
671,home_ranker_aug26,control,2026-05-01
672,home_ranker_aug26,treatment,2026-05-01
673,home_ranker_aug26,control,2026-05-01
674,home_ranker_aug26,treatment,2026-05-01
675,home_ranker_aug26,control,2026-05-01
676,home_ranker_aug26,treatment,2026-05-01
677,home_ranker_aug26,control,2026-05-01
678,home_ranker_aug26,treatment,2026-05-01
679,home_ranker_aug26,control,2026-05-01
680,home_ranker_aug26,treatment,2026-05-01
681,home_ranker_aug26,control,2026-05-01
682,home_ranker_aug26,treatment,2026-05-01
683,home_ranker_aug26,control,2026-05-01
684,home_ranker_aug26,treatment,2026-05-01
685,home_ranker_aug26,control,2026-05-01
686,home_ranker_aug26,treatment,2026-05-01
687,home_ranker_aug26,control,2026-05-01
688,home_ranker_aug26,treatment,2026-05-01
689,home_ranker_aug26,control,2026-05-01
690,home_ranker_aug26,treatment,2026-05-01
691,home_ranker_aug26,control,2026-05-01
692,home_ranker_aug26,treatment,2026-05-01
693,home_ranker_aug26,control,2026-05-01
694,home_ranker_aug26,treatment,2026-05-01
695,home_ranker_aug26,control,2026-05-01
696,home_ranker_aug26,treatment,2026-05-01
697,home_ranker_aug26,control,2026-05-01
698,home_ranker_aug26,treatment,2026-05-01
699,home_ranker_aug26,control,2026-05-01
700,home_ranker_aug26,treatment,2026-05-01
701,home_ranker_aug26,control,2026-05-01
702,home_ranker_aug26,treatment,2026-05-01
703,home_ranker_aug26,control,2026-05-01
704,home_ranker_aug26,treatment,2026-05-01
705,home_ranker_aug26,control,2026-05-01
706,home_ranker_aug26,treatment,2026-05-01
707,home_ranker_aug26,control,2026-05-01
708,home_ranker_aug26,treatment,2026-05-01
709,home_ranker_aug26,control,2026-05-01
710,home_ranker_aug26,treatment,2026-05-01
711,home_ranker_aug26,control,2026-05-01
712,home_ranker_aug26,treatment,2026-05-01
713,home_ranker_aug26,control,2026-05-01
714,home_ranker_aug26,treatment,2026-05-01
715,home_ranker_aug26,control,2026-05-01
716,home_ranker_aug26,treatment,2026-05-01
717,home_ranker_aug26,control,2026-05-01
718,home_ranker_aug26,treatment,2026-05-01
719,home_ranker_aug26,control,2026-05-01
720,home_ranker_aug26,treatment,2026-05-01
721,home_ranker_aug26,control,2026-05-01
722,home_ranker_aug26,treatment,2026-05-01
723,home_ranker_aug26,control,2026-05-01
724,home_ranker_aug26,treatment,2026-05-01
725,home_ranker_aug26,control,2026-05-01
726,home_ranker_aug26,treatment,2026-05-01
727,home_ranker_aug26,control,2026-05-01
728,home_ranker_aug26,treatment,2026-05-01
729,home_ranker_aug26,control,2026-05-01
730,home_ranker_aug26,treatment,2026-05-01
731,home_ranker_aug26,control,2026-05-01
732,home_ranker_aug26,treatment,2026-05-01
733,home_ranker_aug26,control,2026-05-01
734,home_ranker_aug26,treatment,2026-05-01
735,home_ranker_aug26,control,2026-05-01
736,home_ranker_aug26,treatment,2026-05-01
737,home_ranker_aug26,control,2026-05-01
738,home_ranker_aug26,treatment,2026-05-01
739,home_ranker_aug26,control,2026-05-01
740,home_ranker_aug26,treatment,2026-05-01
741,home_ranker_aug26,control,2026-05-01
742,home_ranker_aug26,treatment,2026-05-01
743,home_ranker_aug26,control,2026-05-01
744,home_ranker_aug26,treatment,2026-05-01
745,home_ranker_aug26,control,2026-05-01
746,home_ranker_aug26,treatment,2026-05-01
747,home_ranker_aug26,control,2026-05-01
748,home_ranker_aug26,treatment,2026-05-01
749,home_ranker_aug26,control,2026-05-01
750,home_ranker_aug26,treatment,2026-05-01
751,home_ranker_aug26,control,2026-05-01
752,home_ranker_aug26,treatment,2026-05-01
753,home_ranker_aug26,control,2026-05-01
754,home_ranker_aug26,treatment,2026-05-01
755,home_ranker_aug26,control,2026-05-01
756,home_ranker_aug26,treatment,2026-05-01
757,home_ranker_aug26,control,2026-05-01
758,home_ranker_aug26,treatment,2026-05-01
759,home_ranker_aug26,control,2026-05-01
760,home_ranker_aug26,treatment,2026-05-01
761,home_ranker_aug26,control,2026-05-01
762,home_ranker_aug26,treatment,2026-05-01
763,home_ranker_aug26,control,2026-05-01
764,home_ranker_aug26,treatment,2026-05-01
765,home_ranker_aug26,control,2026-05-01
766,home_ranker_aug26,treatment,2026-05-01
767,home_ranker_aug26,control,2026-05-01
768,home_ranker_aug26,treatment,2026-05-01
769,home_ranker_aug26,control,2026-05-01
770,home_ranker_aug26,treatment,2026-05-01
771,home_ranker_aug26,control,2026-05-01
772,home_ranker_aug26,treatment,2026-05-01
773,home_ranker_aug26,control,2026-05-01
774,home_ranker_aug26,treatment,2026-05-01
775,home_ranker_aug26,control,2026-05-01
776,home_ranker_aug26,treatment,2026-05-01
777,home_ranker_aug26,control,2026-05-01
778,home_ranker_aug26,treatment,2026-05-01
779,home_ranker_aug26,control,2026-05-01
780,home_ranker_aug26,treatment,2026-05-01
781,home_ranker_aug26,control,2026-05-01
782,home_ranker_aug26,treatment,2026-05-01
783,home_ranker_aug26,control,2026-05-01
784,home_ranker_aug26,treatment,2026-05-01
785,home_ranker_aug26,control,2026-05-01
786,home_ranker_aug26,treatment,2026-05-01
787,home_ranker_aug26,control,2026-05-01
788,home_ranker_aug26,treatment,2026-05-01
789,home_ranker_aug26,control,2026-05-01
790,home_ranker_aug26,treatment,2026-05-01
791,home_ranker_aug26,control,2026-05-01
792,home_ranker_aug26,treatment,2026-05-01
793,home_ranker_aug26,control,2026-05-01
794,home_ranker_aug26,treatment,2026-05-01
795,home_ranker_aug26,control,2026-05-01
796,home_ranker_aug26,treatment,2026-05-01
797,home_ranker_aug26,control,2026-05-01
798,home_ranker_aug26,treatment,2026-05-01
799,home_ranker_aug26,control,2026-05-01
800,home_ranker_aug26,treatment,2026-05-01
801,home_ranker_aug26,control,2026-05-01
802,home_ranker_aug26,treatment,2026-05-01
803,home_ranker_aug26,control,2026-05-01
804,home_ranker_aug26,treatment,2026-05-01
805,home_ranker_aug26,control,2026-05-01
806,home_ranker_aug26,treatment,2026-05-01
807,home_ranker_aug26,control,2026-05-01
808,home_ranker_aug26,treatment,2026-05-01
809,home_ranker_aug26,control,2026-05-01
810,home_ranker_aug26,treatment,2026-05-01
811,home_ranker_aug26,control,2026-05-01
812,home_ranker_aug26,treatment,2026-05-01
813,home_ranker_aug26,control,2026-05-01
814,home_ranker_aug26,treatment,2026-05-01
815,home_ranker_aug26,control,2026-05-01
816,home_ranker_aug26,treatment,2026-05-01
817,home_ranker_aug26,control,2026-05-01
818,home_ranker_aug26,treatment,2026-05-01
819,home_ranker_aug26,control,2026-05-01
820,home_ranker_aug26,treatment,2026-05-01
821,home_ranker_aug26,control,2026-05-01
822,home_ranker_aug26,treatment,2026-05-01
823,home_ranker_aug26,control,2026-05-01
824,home_ranker_aug26,treatment,2026-05-01
825,home_ranker_aug26,control,2026-05-01
826,home_ranker_aug26,treatment,2026-05-01
827,home_ranker_aug26,control,2026-05-01
828,home_ranker_aug26,treatment,2026-05-01
829,home_ranker_aug26,control,2026-05-01
830,home_ranker_aug26,treatment,2026-05-01
831,home_ranker_aug26,control,2026-05-01
832,home_ranker_aug26,treatment,2026-05-01
833,home_ranker_aug26,control,2026-05-01
834,home_ranker_aug26,treatment,2026-05-01
835,home_ranker_aug26,control,2026-05-01
836,home_ranker_aug26,treatment,2026-05-01
837,home_ranker_aug26,control,2026-05-01
838,home_ranker_aug26,treatment,2026-05-01
839,home_ranker_aug26,control,2026-05-01
840,home_ranker_aug26,treatment,2026-05-01
841,home_ranker_aug26,control,2026-05-01
842,home_ranker_aug26,treatment,2026-05-01
843,home_ranker_aug26,control,2026-05-01
844,home_ranker_aug26,treatment,2026-05-01
845,home_ranker_aug26,control,2026-05-01
846,home_ranker_aug26,treatment,2026-05-01
847,home_ranker_aug26,control,2026-05-01
848,home_ranker_aug26,treatment,2026-05-01
849,home_ranker_aug26,control,2026-05-01
850,home_ranker_aug26,treatment,2026-05-01
851,home_ranker_aug26,control,2026-05-01
852,home_ranker_aug26,treatment,2026-05-01
853,home_ranker_aug26,control,2026-05-01
854,home_ranker_aug26,treatment,2026-05-01
855,home_ranker_aug26,control,2026-05-01
856,home_ranker_aug26,treatment,2026-05-01
857,home_ranker_aug26,control,2026-05-01
858,home_ranker_aug26,treatment,2026-05-01
859,home_ranker_aug26,control,2026-05-01
860,home_ranker_aug26,treatment,2026-05-01
861,home_ranker_aug26,control,2026-05-01
862,home_ranker_aug26,treatment,2026-05-01
863,home_ranker_aug26,control,2026-05-01
864,home_ranker_aug26,treatment,2026-05-01
865,home_ranker_aug26,control,2026-05-01
866,home_ranker_aug26,treatment,2026-05-01
867,home_ranker_aug26,control,2026-05-01
868,home_ranker_aug26,treatment,2026-05-01
869,home_ranker_aug26,control,2026-05-01
870,home_ranker_aug26,treatment,2026-05-01
871,home_ranker_aug26,control,2026-05-01
872,home_ranker_aug26,treatment,2026-05-01
873,home_ranker_aug26,control,2026-05-01
874,home_ranker_aug26,treatment,2026-05-01
875,home_ranker_aug26,control,2026-05-01
876,home_ranker_aug26,treatment,2026-05-01
877,home_ranker_aug26,control,2026-05-01
878,home_ranker_aug26,treatment,2026-05-01
879,home_ranker_aug26,control,2026-05-01
880,home_ranker_aug26,treatment,2026-05-01
881,home_ranker_aug26,control,2026-05-01
882,home_ranker_aug26,treatment,2026-05-01
883,home_ranker_aug26,control,2026-05-01
884,home_ranker_aug26,treatment,2026-05-01
885,home_ranker_aug26,control,2026-05-01
886,home_ranker_aug26,treatment,2026-05-01
887,home_ranker_aug26,control,2026-05-01
888,home_ranker_aug26,treatment,2026-05-01
889,home_ranker_aug26,control,2026-05-01
890,home_ranker_aug26,treatment,2026-05-01
891,home_ranker_aug26,control,2026-05-01
892,home_ranker_aug26,treatment,2026-05-01
893,home_ranker_aug26,control,2026-05-01
894,home_ranker_aug26,treatment,2026-05-01
895,home_ranker_aug26,control,2026-05-01
896,home_ranker_aug26,treatment,2026-05-01
897,home_ranker_aug26,control,2026-05-01
898,home_ranker_aug26,treatment,2026-05-01
899,home_ranker_aug26,control,2026-05-01
900,home_ranker_aug26,treatment,2026-05-01
901,home_ranker_aug26,control,2026-05-01
902,home_ranker_aug26,treatment,2026-05-01
903,home_ranker_aug26,control,2026-05-01
904,home_ranker_aug26,treatment,2026-05-01
905,home_ranker_aug26,control,2026-05-01
906,home_ranker_aug26,treatment,2026-05-01
907,home_ranker_aug26,control,2026-05-01
908,home_ranker_aug26,treatment,2026-05-01
909,home_ranker_aug26,control,2026-05-01
910,home_ranker_aug26,treatment,2026-05-01
911,home_ranker_aug26,control,2026-05-01
912,home_ranker_aug26,treatment,2026-05-01
913,home_ranker_aug26,control,2026-05-01
914,home_ranker_aug26,treatment,2026-05-01
915,home_ranker_aug26,control,2026-05-01
916,home_ranker_aug26,treatment,2026-05-01
917,home_ranker_aug26,control,2026-05-01
918,home_ranker_aug26,treatment,2026-05-01
919,home_ranker_aug26,control,2026-05-01
920,home_ranker_aug26,treatment,2026-05-01
921,home_ranker_aug26,control,2026-05-01
922,home_ranker_aug26,treatment,2026-05-01
923,home_ranker_aug26,control,2026-05-01
924,home_ranker_aug26,treatment,2026-05-01
925,home_ranker_aug26,control,2026-05-01
926,home_ranker_aug26,treatment,2026-05-01
927,home_ranker_aug26,control,2026-05-01
928,home_ranker_aug26,treatment,2026-05-01
929,home_ranker_aug26,control,2026-05-01
930,home_ranker_aug26,treatment,2026-05-01
931,home_ranker_aug26,control,2026-05-01
932,home_ranker_aug26,treatment,2026-05-01
933,home_ranker_aug26,control,2026-05-01
934,home_ranker_aug26,treatment,2026-05-01
935,home_ranker_aug26,control,2026-05-01
936,home_ranker_aug26,treatment,2026-05-01
937,home_ranker_aug26,control,2026-05-01
938,home_ranker_aug26,treatment,2026-05-01
939,home_ranker_aug26,control,2026-05-01
940,home_ranker_aug26,treatment,2026-05-01
941,home_ranker_aug26,control,2026-05-01
942,home_ranker_aug26,treatment,2026-05-01
943,home_ranker_aug26,control,2026-05-01
944,home_ranker_aug26,treatment,2026-05-01
945,home_ranker_aug26,control,2026-05-01
946,home_ranker_aug26,treatment,2026-05-01
947,home_ranker_aug26,control,2026-05-01
948,home_ranker_aug26,treatment,2026-05-01
949,home_ranker_aug26,control,2026-05-01
950,home_ranker_aug26,treatment,2026-05-01
951,home_ranker_aug26,control,2026-05-01
952,home_ranker_aug26,treatment,2026-05-01
953,home_ranker_aug26,control,2026-05-01
954,home_ranker_aug26,treatment,2026-05-01
955,home_ranker_aug26,control,2026-05-01
956,home_ranker_aug26,treatment,2026-05-01
957,home_ranker_aug26,control,2026-05-01
958,home_ranker_aug26,treatment,2026-05-01
959,home_ranker_aug26,control,2026-05-01
960,home_ranker_aug26,treatment,2026-05-01
961,home_ranker_aug26,control,2026-05-01
962,home_ranker_aug26,treatment,2026-05-01
963,home_ranker_aug26,control,2026-05-01
964,home_ranker_aug26,treatment,2026-05-01
965,home_ranker_aug26,control,2026-05-01
966,home_ranker_aug26,treatment,2026-05-01
967,home_ranker_aug26,control,2026-05-01
968,home_ranker_aug26,treatment,2026-05-01
969,home_ranker_aug26,control,2026-05-01
970,home_ranker_aug26,treatment,2026-05-01
971,home_ranker_aug26,control,2026-05-01
972,home_ranker_aug26,treatment,2026-05-01
973,home_ranker_aug26,control,2026-05-01
974,home_ranker_aug26,treatment,2026-05-01
975,home_ranker_aug26,control,2026-05-01
976,home_ranker_aug26,treatment,2026-05-01
977,home_ranker_aug26,control,2026-05-01
978,home_ranker_aug26,treatment,2026-05-01
979,home_ranker_aug26,control,2026-05-01
980,home_ranker_aug26,treatment,2026-05-01
981,home_ranker_aug26,control,2026-05-01
982,home_ranker_aug26,treatment,2026-05-01
983,home_ranker_aug26,control,2026-05-01
984,home_ranker_aug26,treatment,2026-05-01
985,home_ranker_aug26,control,2026-05-01
986,home_ranker_aug26,treatment,2026-05-01
987,home_ranker_aug26,control,2026-05-01
988,home_ranker_aug26,treatment,2026-05-01
989,home_ranker_aug26,control,2026-05-01
990,home_ranker_aug26,treatment,2026-05-01
991,home_ranker_aug26,control,2026-05-01
992,home_ranker_aug26,treatment,2026-05-01
993,home_ranker_aug26,control,2026-05-01
994,home_ranker_aug26,treatment,2026-05-01
995,home_ranker_aug26,control,2026-05-01
996,home_ranker_aug26,treatment,2026-05-01
997,home_ranker_aug26,control,2026-05-01
998,home_ranker_aug26,treatment,2026-05-01
999,home_ranker_aug26,control,2026-05-01
1000,home_ranker_aug26,treatment,2026-05-01
