session_id,user_id,session_start,channel,topic,end_status
1,393,2026-03-08T21:39,web,safety,abandoned
2,129,2026-02-10T14:20,mobile,account,resolved
3,53,2026-04-20T22:45,mobile,billing,escalated
4,405,2026-05-07T02:46,web,safety,resolved
5,396,2026-03-21T01:12,web,health,escalated
6,251,2026-04-13T07:20,web,account,resolved
7,435,2026-03-26T09:48,mobile,safety,resolved
8,124,2026-07-09T19:28,api,account,resolved
9,17,2026-01-08T01:44,web,safety,resolved
10,477,2026-06-05T12:22,web,technical,resolved
11,400,2026-01-06T02:09,api,health,resolved
12,440,2026-06-01T07:52,api,safety,resolved
13,288,2026-01-25T08:50,web,billing,resolved
14,177,2026-07-27T12:53,web,technical,resolved
15,528,2026-02-01T19:38,mobile,account,resolved
16,230,2026-03-19T03:32,mobile,technical,abandoned
17,561,2026-07-01T20:55,web,billing,escalated
18,445,2026-05-13T21:42,web,technical,abandoned
19,92,2026-04-03T14:05,web,technical,resolved
20,289,2026-05-07T04:42,api,billing,resolved
21,117,2026-01-17T16:35,mobile,health,resolved
22,331,2026-04-16T20:48,web,education,escalated
23,416,2026-06-17T11:18,mobile,health,resolved
24,465,2026-03-07T12:54,web,health,abandoned
25,201,2026-06-22T12:35,mobile,education,resolved
26,293,2026-06-18T10:16,api,health,resolved
27,454,2026-05-16T07:30,api,education,resolved
28,35,2026-06-29T11:52,api,technical,resolved
29,392,2026-01-26T02:16,web,health,resolved
30,187,2026-04-24T12:41,web,education,abandoned
31,334,2026-06-26T09:02,web,health,resolved
32,395,2026-04-02T06:11,mobile,safety,abandoned
33,110,2026-01-01T11:04,api,account,resolved
34,5,2026-02-09T12:47,mobile,health,resolved
35,279,2026-06-06T05:37,mobile,education,escalated
36,304,2026-07-08T10:51,api,safety,escalated
37,505,2026-06-12T18:08,api,education,resolved
38,67,2026-02-10T02:14,web,safety,resolved
39,440,2026-03-24T04:11,mobile,health,resolved
40,153,2026-07-23T05:38,api,billing,resolved
41,5,2026-02-04T08:35,mobile,safety,resolved
42,377,2026-02-03T10:09,web,education,resolved
43,491,2026-03-21T23:13,web,technical,resolved
44,152,2026-07-02T07:01,web,technical,resolved
45,545,2026-05-25T14:15,api,education,escalated
46,406,2026-06-23T01:29,web,education,resolved
47,29,2026-07-07T12:05,web,account,resolved
48,46,2026-02-01T22:25,api,safety,resolved
49,478,2026-01-26T03:50,web,education,abandoned
50,551,2026-07-03T13:22,mobile,technical,abandoned
51,510,2026-04-15T21:42,mobile,billing,resolved
52,186,2026-06-06T18:02,api,education,resolved
53,362,2026-02-20T23:16,mobile,billing,resolved
54,138,2026-01-18T18:21,api,education,resolved
55,260,2026-07-21T14:02,web,technical,resolved
56,600,2026-03-26T18:21,web,technical,resolved
57,591,2026-07-15T00:20,mobile,technical,abandoned
58,173,2026-06-03T23:23,web,technical,abandoned
59,318,2026-03-17T07:32,api,education,resolved
60,392,2026-04-16T19:07,mobile,education,resolved
61,567,2026-06-27T21:12,api,account,resolved
62,453,2026-03-10T20:02,api,account,resolved
63,340,2026-05-24T09:34,web,safety,resolved
64,597,2026-06-07T13:19,api,safety,resolved
65,328,2026-04-26T18:39,web,account,resolved
66,454,2026-07-16T19:23,mobile,technical,resolved
67,383,2026-04-08T08:02,api,technical,resolved
68,4,2026-01-28T11:21,mobile,billing,resolved
69,526,2026-04-13T06:05,web,account,resolved
70,561,2026-02-13T04:26,api,technical,resolved
71,49,2026-05-10T03:42,web,safety,resolved
72,535,2026-01-24T18:22,mobile,account,escalated
73,168,2026-05-02T01:37,mobile,health,resolved
74,432,2026-02-01T16:57,mobile,technical,resolved
75,244,2026-03-19T16:10,web,technical,resolved
76,403,2026-03-20T16:00,web,health,escalated
77,343,2026-05-17T20:39,mobile,account,resolved
78,349,2026-05-11T16:00,web,billing,resolved
79,499,2026-02-25T00:57,web,education,escalated
80,9,2026-06-20T06:46,web,technical,resolved
81,470,2026-02-02T15:47,api,account,resolved
82,187,2026-06-06T19:15,api,health,resolved
83,156,2026-07-25T15:13,web,education,resolved
84,428,2026-05-31T02:01,api,account,resolved
85,281,2026-07-22T09:37,mobile,health,resolved
86,185,2026-06-16T15:23,mobile,account,resolved
87,362,2026-03-30T11:17,web,billing,escalated
88,511,2026-06-26T11:54,api,education,resolved
89,36,2026-06-08T12:57,api,technical,resolved
90,542,2026-04-21T00:53,mobile,education,resolved
91,242,2026-05-14T01:49,api,account,resolved
92,463,2026-04-03T05:06,mobile,account,abandoned
93,120,2026-01-22T04:41,api,technical,abandoned
94,543,2026-01-28T01:31,api,safety,escalated
95,36,2026-07-14T15:52,web,safety,resolved
96,126,2026-07-26T17:07,mobile,education,resolved
97,119,2026-01-08T12:08,web,education,resolved
98,382,2026-06-16T12:16,api,billing,escalated
99,52,2026-05-05T07:22,web,account,abandoned
100,345,2026-03-11T19:21,web,billing,resolved
101,563,2026-01-06T03:04,mobile,health,resolved
102,517,2026-04-15T16:38,web,billing,resolved
103,295,2026-07-13T21:04,api,safety,resolved
104,520,2026-07-19T17:48,web,billing,escalated
105,571,2026-05-06T05:21,web,technical,resolved
106,548,2026-06-08T12:49,api,education,resolved
107,126,2026-03-30T20:09,web,education,abandoned
108,310,2026-01-11T23:10,mobile,safety,resolved
109,289,2026-07-06T05:42,web,account,resolved
110,12,2026-07-17T07:17,api,education,abandoned
111,50,2026-04-06T18:09,mobile,safety,resolved
112,483,2026-01-28T18:25,web,technical,resolved
113,122,2026-02-09T05:25,mobile,health,resolved
114,360,2026-04-23T23:52,api,account,resolved
115,310,2026-05-23T17:24,web,billing,resolved
116,58,2026-07-25T19:46,api,account,resolved
117,472,2026-06-12T10:52,api,education,resolved
118,263,2026-03-30T18:08,api,health,resolved
119,542,2026-07-14T21:03,api,education,resolved
120,558,2026-05-20T14:08,mobile,technical,abandoned
121,394,2026-01-14T10:54,web,health,resolved
122,20,2026-02-22T17:13,mobile,billing,escalated
123,352,2026-01-21T17:16,web,technical,resolved
124,136,2026-04-09T15:55,mobile,education,resolved
125,350,2026-03-14T16:12,api,health,resolved
126,555,2026-06-28T02:15,api,education,resolved
127,547,2026-05-28T03:46,api,safety,resolved
128,564,2026-01-11T18:57,mobile,safety,escalated
129,270,2026-05-09T05:59,web,account,resolved
130,431,2026-03-30T06:29,web,account,abandoned
131,387,2026-03-11T10:26,web,account,resolved
132,60,2026-05-24T20:29,web,account,abandoned
133,484,2026-06-26T21:39,web,technical,abandoned
134,385,2026-06-07T01:31,api,billing,resolved
135,438,2026-03-20T20:41,mobile,billing,abandoned
136,398,2026-06-14T15:50,api,billing,resolved
137,159,2026-05-14T06:06,web,technical,resolved
138,240,2026-02-17T11:17,web,technical,resolved
139,319,2026-05-17T14:56,api,education,resolved
140,184,2026-07-16T19:51,mobile,health,abandoned
141,417,2026-02-23T17:12,mobile,billing,resolved
142,358,2026-06-19T03:19,web,billing,resolved
143,245,2026-03-18T04:06,api,health,escalated
144,4,2026-04-06T01:40,mobile,education,escalated
145,326,2026-04-17T17:43,mobile,account,resolved
146,127,2026-07-05T03:48,api,technical,escalated
147,165,2026-01-02T05:20,web,safety,resolved
148,283,2026-01-11T03:24,mobile,education,resolved
149,475,2026-07-24T08:17,web,education,resolved
150,438,2026-02-02T22:17,api,safety,resolved
151,452,2026-05-12T00:32,api,safety,resolved
152,576,2026-04-20T16:57,web,billing,abandoned
153,459,2026-01-27T12:43,mobile,safety,resolved
154,182,2026-05-29T08:17,api,account,resolved
155,482,2026-04-30T05:14,web,education,resolved
156,572,2026-02-24T05:40,api,account,resolved
157,197,2026-06-23T13:31,api,health,resolved
158,505,2026-03-27T04:56,web,technical,abandoned
159,460,2026-07-15T00:35,api,education,resolved
160,70,2026-04-30T12:19,web,education,resolved
161,237,2026-06-13T09:14,web,safety,resolved
162,177,2026-04-30T15:03,api,technical,escalated
163,354,2026-07-27T12:43,web,education,resolved
164,525,2026-04-03T20:44,web,safety,escalated
165,373,2026-02-04T11:44,mobile,health,resolved
166,68,2026-07-17T23:15,api,technical,escalated
167,354,2026-02-17T10:21,web,technical,abandoned
168,165,2026-04-17T09:07,mobile,health,resolved
169,472,2026-01-28T22:49,api,account,resolved
170,398,2026-06-06T20:45,api,safety,abandoned
171,283,2026-03-29T03:03,mobile,safety,resolved
172,482,2026-02-21T07:02,api,account,resolved
173,252,2026-04-07T05:16,api,technical,escalated
174,17,2026-05-23T06:36,api,education,escalated
175,124,2026-07-16T22:25,api,technical,resolved
176,211,2026-04-20T13:16,mobile,technical,abandoned
177,28,2026-06-21T10:12,web,safety,resolved
178,383,2026-07-02T23:55,api,health,resolved
179,366,2026-04-24T06:25,mobile,account,abandoned
180,526,2026-05-25T21:34,mobile,health,resolved
181,129,2026-07-07T18:14,api,health,escalated
182,136,2026-01-08T00:11,mobile,billing,escalated
183,406,2026-05-14T00:13,api,education,resolved
184,214,2026-02-20T14:47,api,safety,resolved
185,487,2026-02-15T21:16,web,safety,resolved
186,234,2026-06-12T03:41,mobile,education,escalated
187,282,2026-05-13T04:20,mobile,account,resolved
188,589,2026-05-30T00:11,api,technical,resolved
189,129,2026-04-26T14:34,mobile,safety,resolved
190,364,2026-04-25T20:59,web,billing,abandoned
191,302,2026-07-17T20:13,mobile,billing,abandoned
192,36,2026-02-17T02:24,api,safety,resolved
193,587,2026-06-07T14:06,mobile,technical,resolved
194,360,2026-06-02T17:27,api,technical,resolved
195,275,2026-01-24T23:56,api,education,resolved
196,501,2026-05-26T13:01,api,billing,abandoned
197,599,2026-07-17T10:19,api,safety,resolved
198,122,2026-05-25T15:01,mobile,education,resolved
199,398,2026-01-07T03:07,api,health,resolved
200,198,2026-01-16T04:55,mobile,education,escalated
201,412,2026-07-12T16:53,api,account,resolved
202,155,2026-06-18T06:51,mobile,education,abandoned
203,240,2026-06-11T00:08,mobile,health,resolved
204,89,2026-02-13T04:24,web,technical,resolved
205,454,2026-03-21T09:27,web,health,resolved
206,396,2026-06-15T21:35,api,education,resolved
207,584,2026-04-08T03:17,mobile,billing,abandoned
208,251,2026-05-16T04:53,mobile,health,resolved
209,112,2026-05-18T09:56,web,education,resolved
210,253,2026-04-26T18:14,api,billing,escalated
211,198,2026-01-14T06:42,web,health,abandoned
212,18,2026-07-26T22:39,mobile,billing,resolved
213,271,2026-01-25T18:46,mobile,technical,abandoned
214,551,2026-03-24T03:52,mobile,education,resolved
215,89,2026-07-03T23:47,mobile,health,resolved
216,523,2026-07-07T05:23,mobile,account,resolved
217,195,2026-04-08T06:46,web,health,abandoned
218,288,2026-05-27T06:01,api,safety,escalated
219,448,2026-01-06T11:25,mobile,billing,resolved
220,101,2026-01-14T16:50,mobile,safety,resolved
221,204,2026-06-08T15:39,web,education,resolved
222,207,2026-03-08T18:59,mobile,billing,resolved
223,163,2026-06-12T08:12,mobile,education,resolved
224,258,2026-01-27T11:38,api,safety,abandoned
225,487,2026-07-07T19:30,web,technical,abandoned
226,387,2026-02-12T21:14,web,billing,resolved
227,34,2026-07-07T03:55,mobile,account,resolved
228,464,2026-07-22T16:05,mobile,billing,resolved
229,2,2026-05-06T17:11,api,health,abandoned
230,9,2026-07-14T09:31,web,billing,resolved
231,332,2026-06-02T22:57,mobile,account,resolved
232,299,2026-07-12T15:10,web,education,abandoned
233,477,2026-04-05T21:12,web,safety,resolved
234,532,2026-01-27T15:00,api,technical,resolved
235,132,2026-07-12T12:20,api,billing,resolved
236,572,2026-07-09T07:03,web,billing,resolved
237,214,2026-07-12T11:09,api,account,resolved
238,117,2026-01-04T15:50,mobile,education,resolved
239,288,2026-06-02T03:55,mobile,education,abandoned
240,220,2026-07-05T11:59,api,account,resolved
241,577,2026-06-16T18:34,api,safety,abandoned
242,29,2026-01-21T22:56,web,billing,resolved
243,498,2026-01-16T13:42,api,health,resolved
244,13,2026-05-28T11:28,api,safety,resolved
245,566,2026-03-17T09:52,mobile,technical,resolved
246,493,2026-05-08T18:40,mobile,account,abandoned
247,473,2026-04-27T03:27,api,safety,escalated
248,308,2026-07-02T08:30,web,billing,resolved
249,556,2026-07-21T05:26,mobile,billing,resolved
250,16,2026-01-26T02:08,api,health,resolved
251,185,2026-01-13T15:08,api,safety,resolved
252,425,2026-06-04T04:46,api,education,resolved
253,298,2026-02-21T23:39,mobile,billing,abandoned
254,539,2026-02-27T02:57,api,billing,abandoned
255,233,2026-06-02T20:39,api,health,resolved
256,259,2026-03-10T06:50,api,safety,resolved
257,81,2026-04-26T22:26,api,health,resolved
258,389,2026-07-22T10:38,mobile,education,abandoned
259,548,2026-05-06T21:33,web,technical,resolved
260,477,2026-05-26T05:23,api,education,resolved
261,314,2026-02-16T00:01,mobile,billing,abandoned
262,353,2026-07-12T04:47,web,safety,resolved
263,205,2026-05-04T04:41,mobile,account,resolved
264,227,2026-05-21T21:34,mobile,education,resolved
265,421,2026-04-01T14:12,api,health,escalated
266,154,2026-05-22T19:06,api,safety,resolved
267,172,2026-06-12T18:49,api,account,resolved
268,580,2026-05-31T11:57,mobile,health,resolved
269,321,2026-04-06T10:19,web,education,resolved
270,63,2026-07-18T20:47,mobile,safety,resolved
271,238,2026-05-25T09:51,mobile,safety,resolved
272,358,2026-06-18T14:40,web,safety,resolved
273,235,2026-06-20T05:48,api,technical,escalated
274,520,2026-03-19T20:23,api,safety,resolved
275,179,2026-03-27T16:30,web,technical,resolved
276,295,2026-04-05T15:46,web,safety,resolved
277,6,2026-06-24T22:26,mobile,billing,resolved
278,444,2026-06-05T05:35,mobile,safety,resolved
279,360,2026-07-09T22:53,web,safety,resolved
280,487,2026-05-27T10:20,api,safety,resolved
281,18,2026-07-17T21:13,api,technical,resolved
282,162,2026-07-25T21:05,mobile,health,resolved
283,419,2026-06-27T18:43,mobile,account,abandoned
284,510,2026-04-30T04:55,mobile,billing,resolved
285,486,2026-02-17T10:57,mobile,education,resolved
286,69,2026-07-22T19:10,api,education,abandoned
287,446,2026-07-08T16:36,mobile,technical,resolved
288,104,2026-02-21T03:19,api,account,resolved
289,554,2026-06-23T12:20,mobile,health,resolved
290,445,2026-05-01T18:14,web,education,resolved
291,550,2026-03-18T12:37,api,safety,resolved
292,206,2026-07-14T15:44,web,account,resolved
293,572,2026-04-07T06:58,web,technical,resolved
294,251,2026-04-06T02:14,api,education,resolved
295,481,2026-03-31T10:59,web,health,escalated
296,575,2026-07-06T16:49,web,account,abandoned
297,199,2026-06-20T23:33,mobile,safety,resolved
298,343,2026-05-29T19:12,api,safety,resolved
299,60,2026-02-24T10:15,api,health,resolved
300,168,2026-03-15T03:54,api,safety,resolved
301,406,2026-04-19T18:27,mobile,health,resolved
302,436,2026-05-01T12:17,api,education,escalated
303,387,2026-07-25T15:15,mobile,safety,resolved
304,13,2026-03-20T22:41,api,technical,resolved
305,121,2026-02-06T04:15,mobile,safety,escalated
306,250,2026-05-10T23:15,api,technical,escalated
307,520,2026-01-20T22:13,api,safety,resolved
308,362,2026-05-28T07:07,web,education,resolved
309,275,2026-07-22T00:48,web,safety,resolved
310,205,2026-06-05T02:46,mobile,education,resolved
311,20,2026-06-14T05:44,web,health,escalated
312,587,2026-06-15T08:13,mobile,education,abandoned
313,456,2026-05-21T16:27,web,technical,resolved
314,16,2026-01-06T18:50,mobile,safety,resolved
315,71,2026-02-19T14:26,web,technical,resolved
316,115,2026-04-20T13:11,web,technical,abandoned
317,125,2026-07-22T10:18,api,technical,abandoned
318,596,2026-06-28T22:29,mobile,health,abandoned
319,355,2026-01-25T05:54,api,billing,resolved
320,500,2026-03-16T01:50,api,account,resolved
321,437,2026-05-07T18:38,web,safety,abandoned
322,503,2026-04-07T16:09,api,technical,abandoned
323,550,2026-07-25T07:28,web,health,abandoned
324,330,2026-05-13T12:41,mobile,technical,resolved
325,293,2026-03-30T23:54,web,education,resolved
326,158,2026-06-01T07:01,mobile,technical,abandoned
327,394,2026-03-31T02:58,web,health,abandoned
328,154,2026-06-07T22:08,api,education,escalated
329,539,2026-01-27T22:13,web,technical,resolved
330,73,2026-06-05T22:50,api,account,resolved
331,582,2026-02-23T18:15,api,safety,resolved
332,407,2026-05-02T06:32,mobile,account,resolved
333,77,2026-05-05T13:50,mobile,health,escalated
334,53,2026-05-18T16:30,mobile,technical,abandoned
335,569,2026-05-15T17:39,mobile,technical,resolved
336,87,2026-07-24T17:19,web,technical,resolved
337,503,2026-03-16T16:09,api,account,abandoned
338,523,2026-02-03T23:27,mobile,education,resolved
339,527,2026-01-08T22:01,mobile,health,abandoned
340,403,2026-01-10T10:57,web,safety,resolved
341,170,2026-01-28T15:53,mobile,billing,resolved
342,231,2026-01-03T01:42,api,account,abandoned
343,229,2026-02-26T14:42,mobile,technical,resolved
344,389,2026-06-17T17:20,mobile,technical,abandoned
345,234,2026-07-13T09:07,mobile,health,abandoned
346,438,2026-07-16T05:35,mobile,health,resolved
347,424,2026-05-22T08:44,api,education,escalated
348,242,2026-04-28T17:22,api,safety,resolved
349,57,2026-04-06T09:51,api,technical,resolved
350,118,2026-06-21T10:58,api,education,abandoned
351,44,2026-03-30T15:12,mobile,billing,abandoned
352,524,2026-03-17T17:59,mobile,billing,resolved
353,466,2026-02-05T22:54,mobile,safety,abandoned
354,558,2026-02-10T14:28,mobile,health,abandoned
355,157,2026-01-22T16:09,api,health,resolved
356,193,2026-06-08T17:36,mobile,health,abandoned
357,537,2026-07-02T04:21,web,safety,resolved
358,47,2026-06-22T23:57,mobile,technical,resolved
359,460,2026-04-24T09:18,mobile,technical,abandoned
360,16,2026-02-20T04:28,mobile,account,resolved
361,79,2026-03-02T13:32,mobile,technical,resolved
362,318,2026-05-25T07:19,api,billing,resolved
363,504,2026-03-03T06:58,api,safety,resolved
364,406,2026-01-01T04:44,mobile,account,escalated
365,268,2026-02-24T01:17,mobile,billing,resolved
366,351,2026-07-02T20:00,api,technical,resolved
367,81,2026-04-22T17:58,mobile,safety,resolved
368,53,2026-01-08T20:46,mobile,safety,resolved
369,516,2026-04-12T13:54,mobile,safety,resolved
370,16,2026-04-24T15:41,api,account,resolved
371,223,2026-05-27T15:39,api,education,resolved
372,137,2026-01-31T21:46,mobile,safety,resolved
373,267,2026-06-28T18:19,web,education,resolved
374,397,2026-04-05T06:14,mobile,health,escalated
375,4,2026-07-22T17:52,api,education,resolved
376,339,2026-01-01T17:31,api,health,resolved
377,557,2026-07-03T13:42,mobile,health,resolved
378,299,2026-05-29T08:49,web,billing,resolved
379,439,2026-02-23T18:12,web,billing,resolved
380,238,2026-07-07T17:58,web,account,abandoned
381,50,2026-01-20T12:19,web,education,abandoned
382,527,2026-07-13T05:11,api,billing,escalated
383,148,2026-06-03T19:52,mobile,safety,escalated
384,513,2026-03-26T22:50,mobile,technical,resolved
385,544,2026-04-28T03:51,web,technical,abandoned
386,110,2026-05-05T23:42,web,education,resolved
387,62,2026-01-26T13:27,web,account,resolved
388,168,2026-03-02T20:31,mobile,health,abandoned
389,64,2026-04-09T10:10,api,health,resolved
390,49,2026-07-04T04:42,api,account,resolved
391,34,2026-06-12T10:30,web,health,resolved
392,198,2026-07-12T04:24,api,safety,resolved
393,333,2026-07-21T18:58,mobile,technical,resolved
394,379,2026-02-16T05:07,web,education,abandoned
395,243,2026-01-17T17:30,api,health,abandoned
396,76,2026-06-23T21:14,mobile,technical,escalated
397,483,2026-01-10T12:23,web,billing,resolved
398,341,2026-03-02T20:34,web,technical,resolved
399,447,2026-04-18T07:18,web,technical,abandoned
400,247,2026-06-30T01:00,mobile,technical,resolved
401,206,2026-05-05T03:40,mobile,account,resolved
402,103,2026-02-02T23:37,api,health,resolved
403,259,2026-01-20T06:15,api,billing,resolved
404,226,2026-03-22T10:06,web,education,resolved
405,113,2026-01-05T21:23,api,health,abandoned
406,467,2026-06-08T18:05,web,account,resolved
407,367,2026-05-18T12:51,web,billing,resolved
408,67,2026-07-06T05:40,web,health,abandoned
409,310,2026-05-31T04:24,mobile,education,resolved
410,546,2026-05-28T15:30,mobile,billing,resolved
411,212,2026-07-22T00:19,mobile,technical,resolved
412,526,2026-07-02T11:37,web,billing,resolved
413,250,2026-02-03T00:24,web,account,resolved
414,145,2026-06-11T04:21,api,billing,resolved
415,257,2026-05-17T11:37,mobile,billing,resolved
416,234,2026-01-17T17:37,api,billing,escalated
417,75,2026-07-20T16:43,api,education,abandoned
418,523,2026-07-21T05:01,web,billing,resolved
419,440,2026-06-28T17:31,web,technical,resolved
420,312,2026-06-19T09:25,api,safety,resolved
421,436,2026-05-07T01:44,api,safety,escalated
422,275,2026-04-09T02:16,api,account,resolved
423,516,2026-01-11T04:41,web,technical,resolved
424,433,2026-02-14T13:14,mobile,technical,resolved
425,54,2026-07-06T10:18,api,safety,resolved
426,546,2026-05-17T08:24,api,billing,resolved
427,211,2026-05-24T01:31,web,safety,resolved
428,552,2026-06-15T15:38,mobile,education,resolved
429,87,2026-02-13T04:54,web,technical,abandoned
430,299,2026-03-04T02:48,api,education,resolved
431,436,2026-05-02T15:32,api,education,resolved
432,461,2026-02-02T05:39,web,health,resolved
433,101,2026-01-31T04:18,web,education,abandoned
434,8,2026-06-26T17:47,web,account,resolved
435,473,2026-03-12T17:55,web,technical,resolved
436,234,2026-02-07T20:09,api,safety,escalated
437,289,2026-04-29T11:59,mobile,health,resolved
438,73,2026-05-08T02:34,mobile,health,resolved
439,330,2026-02-07T16:20,api,account,abandoned
440,413,2026-02-04T20:38,mobile,billing,abandoned
441,143,2026-03-23T01:25,api,safety,resolved
442,281,2026-03-05T00:38,mobile,education,resolved
443,249,2026-01-23T10:24,mobile,billing,abandoned
444,12,2026-01-14T01:35,api,technical,abandoned
445,243,2026-01-11T06:57,mobile,account,abandoned
446,242,2026-05-16T15:52,mobile,health,escalated
447,97,2026-06-27T00:56,api,billing,resolved
448,321,2026-05-31T10:27,api,safety,resolved
449,552,2026-02-06T00:58,api,billing,resolved
450,384,2026-05-02T04:22,web,health,resolved
451,153,2026-03-19T06:53,mobile,account,escalated
452,564,2026-01-27T23:59,api,account,resolved
453,22,2026-04-27T09:55,api,health,abandoned
454,251,2026-03-18T22:28,web,technical,resolved
455,530,2026-07-21T06:59,web,safety,resolved
456,79,2026-04-28T03:06,api,safety,resolved
457,123,2026-02-16T14:07,web,health,resolved
458,169,2026-03-28T18:39,mobile,billing,abandoned
459,253,2026-05-25T11:11,mobile,safety,resolved
460,208,2026-01-23T18:20,mobile,education,resolved
461,80,2026-07-12T18:11,api,health,abandoned
462,417,2026-05-26T04:50,api,billing,resolved
463,104,2026-07-03T16:58,mobile,safety,resolved
464,538,2026-05-30T20:03,web,technical,abandoned
465,236,2026-05-23T20:54,api,health,resolved
466,326,2026-01-23T23:11,mobile,safety,resolved
467,104,2026-01-08T22:50,web,safety,escalated
468,572,2026-03-12T22:00,api,account,abandoned
469,577,2026-04-29T17:40,api,safety,resolved
470,266,2026-03-10T13:40,web,technical,resolved
471,193,2026-01-01T06:14,mobile,health,abandoned
472,5,2026-01-22T16:42,mobile,education,resolved
473,348,2026-06-25T03:55,api,account,resolved
474,336,2026-06-07T08:36,mobile,billing,resolved
475,566,2026-05-24T11:36,web,safety,resolved
476,573,2026-01-10T03:05,web,safety,resolved
477,266,2026-06-28T05:40,api,safety,resolved
478,316,2026-02-28T08:58,mobile,health,resolved
479,286,2026-05-17T11:52,api,account,resolved
480,208,2026-07-20T21:47,web,education,abandoned
481,128,2026-03-28T18:16,mobile,billing,resolved
482,228,2026-07-21T19:01,mobile,account,escalated
483,461,2026-05-05T13:58,mobile,safety,resolved
484,268,2026-03-22T05:32,mobile,education,resolved
485,88,2026-05-29T01:02,mobile,safety,escalated
486,125,2026-06-07T02:25,web,safety,resolved
487,146,2026-03-14T08:05,mobile,account,resolved
488,585,2026-04-11T10:09,web,billing,escalated
489,274,2026-04-03T01:07,api,safety,resolved
490,309,2026-02-13T03:06,web,education,resolved
491,273,2026-06-29T15:31,mobile,safety,resolved
492,416,2026-06-03T05:05,web,account,escalated
493,298,2026-01-27T19:39,mobile,technical,resolved
494,276,2026-07-07T11:02,api,billing,abandoned
495,341,2026-06-24T13:32,web,technical,resolved
496,57,2026-03-05T15:09,api,account,resolved
497,1,2026-05-30T15:14,api,account,abandoned
498,548,2026-02-25T05:03,mobile,account,resolved
499,518,2026-06-28T16:02,api,education,abandoned
500,370,2026-06-02T08:17,api,account,resolved
501,475,2026-07-06T23:19,api,billing,abandoned
502,391,2026-03-25T17:11,mobile,health,resolved
503,332,2026-04-17T12:12,web,health,resolved
504,398,2026-02-25T15:08,mobile,education,abandoned
505,317,2026-01-21T11:01,api,account,resolved
506,298,2026-01-05T05:00,api,technical,resolved
507,397,2026-07-18T03:26,api,education,resolved
508,218,2026-02-17T05:22,api,account,abandoned
509,555,2026-01-10T09:46,web,account,resolved
510,551,2026-06-15T06:36,mobile,account,resolved
511,362,2026-05-18T02:06,mobile,billing,resolved
512,94,2026-02-14T15:33,api,health,resolved
513,523,2026-01-26T13:38,mobile,safety,escalated
514,76,2026-05-10T10:47,mobile,health,resolved
515,26,2026-04-18T06:53,web,billing,resolved
516,216,2026-05-18T07:19,api,education,escalated
517,3,2026-01-29T06:14,web,health,resolved
518,263,2026-03-14T02:43,api,technical,resolved
519,378,2026-05-21T00:26,api,technical,resolved
520,220,2026-04-01T08:08,api,account,resolved
521,588,2026-01-05T18:23,web,technical,escalated
522,326,2026-06-18T19:24,api,technical,resolved
523,350,2026-04-12T15:49,web,account,escalated
524,272,2026-03-19T03:15,api,billing,escalated
525,123,2026-04-18T16:29,api,education,resolved
526,425,2026-02-05T10:08,api,health,resolved
527,212,2026-05-08T05:33,web,education,resolved
528,456,2026-02-06T00:31,api,technical,abandoned
529,441,2026-02-27T16:41,api,education,abandoned
530,61,2026-06-09T17:50,api,health,resolved
531,365,2026-05-26T15:11,web,billing,resolved
532,9,2026-01-23T15:24,web,safety,resolved
533,494,2026-01-31T06:14,api,education,escalated
534,209,2026-01-18T13:38,web,billing,resolved
535,236,2026-02-09T01:07,web,health,resolved
536,390,2026-04-23T05:00,mobile,billing,abandoned
537,206,2026-03-05T21:11,mobile,health,resolved
538,541,2026-07-09T19:53,mobile,safety,escalated
539,116,2026-07-09T00:53,mobile,health,resolved
540,309,2026-06-27T18:14,web,education,resolved
541,184,2026-02-08T14:11,api,education,resolved
542,231,2026-03-24T15:27,mobile,safety,abandoned
543,492,2026-07-24T16:05,api,health,resolved
544,185,2026-03-20T04:20,mobile,billing,resolved
545,256,2026-01-24T08:34,mobile,account,escalated
546,19,2026-07-25T02:48,mobile,account,resolved
547,366,2026-03-08T12:11,api,health,resolved
548,221,2026-07-24T23:34,web,technical,resolved
549,541,2026-05-23T22:44,api,safety,abandoned
550,537,2026-06-23T06:39,api,education,resolved
551,61,2026-06-07T15:40,mobile,account,resolved
552,171,2026-05-29T08:59,api,technical,resolved
553,299,2026-07-12T14:50,mobile,education,escalated
554,544,2026-04-08T18:29,mobile,billing,resolved
555,93,2026-06-26T06:31,api,safety,resolved
556,331,2026-01-09T07:34,mobile,billing,resolved
557,505,2026-06-04T11:43,api,account,resolved
558,205,2026-02-15T11:07,web,technical,resolved
559,137,2026-06-04T03:37,api,billing,resolved
560,41,2026-01-13T20:04,web,health,resolved
561,337,2026-05-22T13:58,web,safety,escalated
562,172,2026-05-21T12:11,mobile,health,resolved
563,481,2026-01-30T03:26,mobile,safety,resolved
564,177,2026-02-03T09:38,web,education,resolved
565,465,2026-06-04T17:54,api,technical,abandoned
566,210,2026-01-27T21:21,api,technical,escalated
567,588,2026-07-25T17:09,mobile,safety,resolved
568,466,2026-04-16T05:12,mobile,technical,resolved
569,66,2026-03-07T20:29,api,health,resolved
570,308,2026-05-12T03:44,web,account,resolved
571,122,2026-03-15T13:21,api,safety,resolved
572,542,2026-02-06T01:10,web,safety,resolved
573,56,2026-05-07T00:13,mobile,health,resolved
574,96,2026-02-15T22:20,web,technical,resolved
575,91,2026-02-23T22:15,mobile,safety,resolved
576,8,2026-04-08T19:45,mobile,billing,resolved
577,236,2026-04-04T22:44,api,safety,escalated
578,587,2026-03-27T10:11,api,technical,escalated
579,524,2026-05-15T10:57,web,education,resolved
580,590,2026-01-03T07:07,mobile,safety,resolved
581,115,2026-01-19T00:05,api,account,resolved
582,422,2026-01-18T13:44,api,billing,resolved
583,163,2026-03-29T20:02,api,billing,resolved
584,483,2026-06-03T12:58,mobile,health,resolved
585,181,2026-02-20T16:39,mobile,health,abandoned
586,424,2026-05-20T05:59,web,education,escalated
587,495,2026-01-10T10:22,web,technical,abandoned
588,380,2026-06-12T16:59,mobile,education,abandoned
589,574,2026-04-11T11:26,api,health,resolved
590,86,2026-06-13T09:29,api,health,resolved
591,170,2026-03-05T22:38,mobile,safety,resolved
592,95,2026-02-21T21:37,api,education,resolved
593,347,2026-03-01T15:39,mobile,health,resolved
594,68,2026-01-06T17:25,mobile,account,resolved
595,471,2026-07-16T22:48,mobile,health,abandoned
596,422,2026-02-26T06:40,web,education,abandoned
597,122,2026-07-25T15:40,mobile,account,resolved
598,428,2026-01-05T03:58,web,technical,resolved
599,86,2026-05-06T07:03,api,health,resolved
600,543,2026-07-21T19:44,web,technical,resolved
601,197,2026-03-28T16:59,mobile,safety,resolved
602,291,2026-05-04T11:07,web,technical,resolved
603,394,2026-03-10T19:30,mobile,account,resolved
604,18,2026-04-19T19:02,web,health,resolved
605,292,2026-01-28T20:12,mobile,safety,abandoned
606,94,2026-01-03T16:04,web,education,resolved
607,187,2026-06-21T20:17,web,safety,resolved
608,63,2026-07-14T15:03,api,health,resolved
609,512,2026-03-03T11:31,web,safety,resolved
610,116,2026-01-05T01:37,api,account,abandoned
611,280,2026-04-27T10:26,api,education,abandoned
612,404,2026-06-04T06:51,api,billing,abandoned
613,236,2026-07-17T14:18,api,education,resolved
614,76,2026-02-28T10:38,mobile,technical,abandoned
615,490,2026-01-03T17:01,web,billing,abandoned
616,553,2026-01-30T15:12,api,health,resolved
617,136,2026-04-09T05:34,mobile,billing,resolved
618,572,2026-07-09T16:13,web,billing,resolved
619,100,2026-04-13T21:13,mobile,safety,abandoned
620,150,2026-07-27T19:31,web,safety,resolved
621,307,2026-05-12T11:56,api,billing,escalated
622,329,2026-04-09T19:08,web,technical,escalated
623,230,2026-01-29T05:10,mobile,health,resolved
624,344,2026-02-28T09:45,web,education,resolved
625,60,2026-07-02T17:02,mobile,health,resolved
626,74,2026-01-06T03:07,mobile,health,resolved
627,542,2026-03-10T17:00,mobile,health,resolved
628,326,2026-06-14T09:37,api,account,resolved
629,576,2026-05-03T03:16,mobile,safety,resolved
630,599,2026-06-17T04:54,mobile,education,resolved
631,563,2026-07-17T18:37,api,health,abandoned
632,91,2026-06-05T15:25,mobile,account,resolved
633,484,2026-07-08T07:08,mobile,account,abandoned
634,307,2026-06-17T21:42,mobile,account,abandoned
635,289,2026-07-15T12:10,mobile,account,resolved
636,497,2026-03-19T17:39,web,education,abandoned
637,274,2026-04-18T21:00,mobile,technical,resolved
638,125,2026-06-23T02:59,web,account,resolved
639,370,2026-04-16T00:49,web,health,escalated
640,392,2026-02-07T02:06,web,billing,resolved
641,244,2026-07-17T07:23,api,billing,resolved
642,399,2026-07-01T23:05,api,technical,resolved
643,289,2026-05-13T04:51,api,safety,escalated
644,308,2026-07-09T13:46,api,account,resolved
645,531,2026-04-03T19:00,mobile,billing,escalated
646,549,2026-02-11T02:50,mobile,billing,resolved
647,523,2026-06-21T10:59,mobile,safety,resolved
648,258,2026-06-30T10:24,web,account,escalated
649,136,2026-01-22T22:43,web,safety,abandoned
650,544,2026-01-17T01:11,api,technical,abandoned
651,14,2026-06-11T13:16,web,safety,resolved
652,581,2026-05-08T19:50,mobile,safety,resolved
653,272,2026-01-12T04:04,mobile,health,abandoned
654,59,2026-05-31T11:31,api,technical,escalated
655,289,2026-02-10T17:20,web,education,resolved
656,57,2026-07-09T17:58,api,health,resolved
657,242,2026-05-10T11:52,web,billing,resolved
658,439,2026-03-09T04:36,api,technical,resolved
659,273,2026-07-11T09:05,api,education,resolved
660,360,2026-07-23T07:26,web,safety,resolved
661,436,2026-07-15T23:18,mobile,safety,resolved
662,262,2026-05-29T01:29,web,education,resolved
663,34,2026-05-20T10:12,api,health,abandoned
664,337,2026-02-01T18:04,mobile,account,resolved
665,178,2026-05-10T14:37,api,education,resolved
666,63,2026-07-04T04:14,web,education,resolved
667,511,2026-05-29T19:27,api,safety,resolved
668,48,2026-04-28T19:22,api,account,abandoned
669,348,2026-07-12T12:48,mobile,account,resolved
670,262,2026-07-16T04:40,mobile,education,abandoned
671,275,2026-05-25T04:16,api,account,resolved
672,387,2026-02-12T17:14,api,billing,abandoned
673,383,2026-03-21T06:02,api,account,abandoned
674,419,2026-06-05T00:16,web,account,escalated
675,366,2026-01-01T11:14,web,health,resolved
676,411,2026-06-16T00:48,mobile,safety,resolved
677,291,2026-07-21T18:09,mobile,account,abandoned
678,463,2026-07-05T18:21,web,account,resolved
679,295,2026-01-25T16:30,mobile,education,resolved
680,461,2026-03-24T23:13,api,education,abandoned
681,17,2026-03-13T09:53,web,account,resolved
682,424,2026-06-18T02:47,mobile,billing,resolved
683,256,2026-01-04T21:13,web,safety,abandoned
684,355,2026-02-28T18:22,web,billing,resolved
685,338,2026-03-21T21:00,web,education,escalated
686,456,2026-02-05T11:54,mobile,technical,abandoned
687,74,2026-05-27T05:49,api,account,resolved
688,334,2026-04-26T23:48,api,technical,abandoned
689,497,2026-01-03T21:34,mobile,technical,abandoned
690,539,2026-03-18T19:43,web,health,resolved
691,240,2026-06-25T01:25,web,technical,resolved
692,583,2026-04-20T07:15,web,technical,escalated
693,476,2026-04-16T01:20,api,education,abandoned
694,260,2026-01-09T23:29,web,education,abandoned
695,43,2026-04-11T07:15,mobile,technical,resolved
696,215,2026-04-14T08:52,api,account,resolved
697,246,2026-04-02T18:53,web,safety,abandoned
698,536,2026-01-26T18:38,api,technical,resolved
699,548,2026-01-20T23:13,mobile,health,resolved
700,58,2026-06-13T02:04,api,education,escalated
701,478,2026-05-04T11:29,api,technical,abandoned
702,577,2026-05-11T12:58,web,billing,resolved
703,235,2026-06-06T15:56,mobile,technical,escalated
704,349,2026-04-11T10:41,web,account,resolved
705,32,2026-02-07T00:19,mobile,account,resolved
706,13,2026-03-12T21:47,mobile,technical,resolved
707,192,2026-06-08T18:28,api,education,resolved
708,324,2026-03-19T05:12,web,technical,resolved
709,215,2026-03-15T03:39,web,education,escalated
710,37,2026-05-05T08:29,mobile,education,resolved
711,152,2026-03-28T03:06,web,health,resolved
712,168,2026-05-03T17:33,web,technical,abandoned
713,500,2026-02-05T01:13,web,health,abandoned
714,123,2026-02-13T15:48,api,technical,resolved
715,472,2026-04-07T20:32,web,health,resolved
716,338,2026-07-14T03:15,api,account,resolved
717,358,2026-06-05T06:53,api,account,resolved
718,323,2026-02-12T14:17,web,technical,resolved
719,586,2026-04-04T19:23,mobile,education,abandoned
720,504,2026-06-25T06:56,web,safety,resolved
721,8,2026-05-20T23:38,mobile,safety,resolved
722,552,2026-02-10T17:49,mobile,technical,resolved
723,134,2026-03-03T10:51,api,account,resolved
724,520,2026-01-13T03:47,mobile,technical,resolved
725,17,2026-06-24T08:12,web,account,escalated
726,350,2026-07-03T16:51,mobile,health,resolved
727,479,2026-03-30T18:03,api,account,resolved
728,107,2026-05-17T11:45,api,safety,escalated
729,525,2026-03-06T07:06,api,health,abandoned
730,97,2026-02-25T16:11,api,technical,resolved
731,313,2026-06-10T09:13,web,technical,resolved
732,20,2026-01-04T03:26,web,safety,abandoned
733,86,2026-05-18T13:08,mobile,health,resolved
734,132,2026-02-10T04:19,web,account,resolved
735,262,2026-05-30T06:50,api,safety,escalated
736,454,2026-04-05T07:02,api,account,resolved
737,92,2026-06-13T00:47,mobile,safety,resolved
738,285,2026-01-13T20:40,api,billing,resolved
739,146,2026-02-08T02:37,api,education,escalated
740,320,2026-05-24T22:56,mobile,health,resolved
741,581,2026-03-05T15:10,api,technical,resolved
742,571,2026-03-15T01:14,api,education,escalated
743,514,2026-03-06T23:36,web,account,abandoned
744,563,2026-03-19T06:18,mobile,education,resolved
745,492,2026-03-03T22:58,api,safety,abandoned
746,587,2026-03-12T14:15,api,technical,escalated
747,323,2026-01-22T20:51,mobile,education,abandoned
748,551,2026-07-23T16:37,api,health,abandoned
749,172,2026-04-15T01:48,web,account,resolved
750,148,2026-02-12T21:12,api,health,resolved
751,391,2026-04-01T18:44,api,billing,abandoned
752,168,2026-06-13T22:45,api,technical,resolved
753,424,2026-06-07T03:28,web,account,abandoned
754,553,2026-04-03T03:16,web,account,escalated
755,119,2026-06-20T22:54,api,health,abandoned
756,242,2026-05-09T22:41,api,education,abandoned
757,168,2026-06-05T22:57,web,safety,resolved
758,329,2026-05-18T08:35,web,safety,resolved
759,571,2026-02-28T14:11,api,technical,resolved
760,405,2026-03-06T17:47,mobile,billing,escalated
761,466,2026-05-16T08:18,web,education,resolved
762,598,2026-05-31T10:28,web,technical,resolved
763,298,2026-02-01T20:33,web,health,resolved
764,207,2026-01-25T02:05,mobile,health,resolved
765,501,2026-05-21T16:11,web,safety,resolved
766,383,2026-07-02T14:27,mobile,health,resolved
767,214,2026-02-26T22:28,api,account,resolved
768,346,2026-05-03T03:57,web,account,resolved
769,480,2026-04-25T21:17,api,account,resolved
770,305,2026-06-12T14:29,web,technical,resolved
771,195,2026-05-21T10:39,web,billing,resolved
772,481,2026-04-19T01:36,mobile,account,resolved
773,228,2026-02-03T03:21,web,technical,resolved
774,554,2026-03-03T04:05,web,technical,resolved
775,64,2026-06-06T07:43,mobile,safety,abandoned
776,152,2026-03-19T20:55,api,education,escalated
777,346,2026-04-17T21:15,api,account,resolved
778,278,2026-03-26T16:21,web,safety,abandoned
779,456,2026-06-15T01:02,api,education,resolved
780,397,2026-06-20T08:40,web,billing,resolved
781,206,2026-03-01T05:30,api,safety,resolved
782,324,2026-02-18T03:15,web,technical,resolved
783,299,2026-06-16T06:08,web,account,resolved
784,427,2026-04-07T13:07,api,billing,resolved
785,525,2026-02-07T21:24,api,billing,abandoned
786,228,2026-06-14T20:13,web,technical,resolved
787,417,2026-06-22T21:00,mobile,account,resolved
788,243,2026-06-07T16:58,web,billing,resolved
789,156,2026-06-11T14:17,api,account,escalated
790,442,2026-04-26T01:12,mobile,technical,resolved
791,280,2026-02-26T18:02,web,education,resolved
792,245,2026-01-28T01:10,mobile,safety,abandoned
793,538,2026-04-02T20:55,api,account,resolved
794,164,2026-04-25T19:40,mobile,account,resolved
795,58,2026-07-21T21:33,mobile,safety,resolved
796,174,2026-06-22T18:27,web,education,abandoned
797,296,2026-04-14T02:44,mobile,technical,resolved
798,490,2026-06-16T14:33,mobile,health,resolved
799,55,2026-02-05T03:19,mobile,safety,escalated
800,431,2026-05-12T16:55,api,safety,resolved
801,421,2026-02-04T21:13,mobile,billing,resolved
802,116,2026-03-22T09:48,api,health,escalated
803,470,2026-02-28T08:30,api,health,resolved
804,134,2026-05-12T16:51,mobile,billing,resolved
805,207,2026-03-17T10:26,api,billing,resolved
806,282,2026-06-01T02:05,web,technical,resolved
807,45,2026-03-14T19:26,web,health,resolved
808,453,2026-03-16T16:59,web,education,resolved
809,292,2026-07-04T20:06,api,technical,resolved
810,353,2026-02-21T23:03,web,safety,resolved
811,450,2026-03-13T20:11,web,education,resolved
812,324,2026-02-17T04:50,mobile,safety,resolved
813,443,2026-06-18T03:52,api,health,resolved
814,467,2026-05-09T18:26,api,account,escalated
815,16,2026-01-13T07:14,api,health,resolved
816,199,2026-02-18T05:47,api,health,escalated
817,63,2026-02-25T02:04,api,billing,resolved
818,80,2026-05-09T08:55,web,health,resolved
819,541,2026-06-13T11:56,web,technical,abandoned
820,103,2026-07-09T23:35,mobile,safety,resolved
821,499,2026-01-28T09:56,api,billing,resolved
822,135,2026-06-30T04:58,api,billing,resolved
823,38,2026-05-13T22:39,web,technical,escalated
824,163,2026-05-26T04:55,mobile,billing,escalated
825,205,2026-04-27T12:06,mobile,health,abandoned
826,529,2026-01-01T18:15,api,account,resolved
827,511,2026-04-28T14:02,api,safety,resolved
828,36,2026-05-11T17:05,mobile,technical,resolved
829,417,2026-03-29T17:37,mobile,billing,resolved
830,338,2026-07-27T19:40,mobile,health,abandoned
831,31,2026-05-16T18:29,api,education,escalated
832,450,2026-07-16T07:25,api,education,resolved
833,182,2026-06-20T13:53,mobile,education,resolved
834,572,2026-02-15T14:07,api,health,resolved
835,411,2026-04-18T12:46,mobile,technical,resolved
836,577,2026-03-29T14:27,mobile,health,resolved
837,97,2026-02-15T13:53,web,education,resolved
838,123,2026-01-20T01:47,api,account,resolved
839,370,2026-05-26T15:38,api,account,escalated
840,314,2026-01-25T04:17,mobile,safety,resolved
841,575,2026-05-16T21:53,web,education,resolved
842,502,2026-03-14T08:06,api,account,resolved
843,164,2026-05-22T15:26,api,billing,resolved
844,446,2026-06-22T02:22,mobile,technical,abandoned
845,415,2026-03-05T04:15,mobile,education,resolved
846,277,2026-06-13T17:24,mobile,safety,resolved
847,19,2026-02-15T00:13,mobile,health,resolved
848,480,2026-03-18T05:57,mobile,health,resolved
849,266,2026-02-04T18:13,web,account,resolved
850,223,2026-03-31T01:33,api,health,resolved
851,145,2026-06-18T19:38,mobile,technical,resolved
852,364,2026-06-23T05:32,api,health,resolved
853,77,2026-06-20T06:18,web,health,resolved
854,394,2026-03-31T18:13,web,education,resolved
855,27,2026-01-25T06:58,web,safety,resolved
856,527,2026-06-08T00:05,mobile,billing,resolved
857,96,2026-04-16T23:49,mobile,account,resolved
858,442,2026-06-11T01:03,web,technical,abandoned
859,45,2026-02-28T11:36,api,safety,resolved
860,152,2026-01-15T16:52,mobile,health,resolved
861,406,2026-06-22T14:12,web,education,resolved
862,533,2026-06-30T06:40,web,account,resolved
863,135,2026-02-13T08:13,mobile,safety,resolved
864,290,2026-04-06T01:41,api,account,resolved
865,90,2026-03-24T23:44,mobile,health,resolved
866,252,2026-03-31T07:40,api,billing,resolved
867,204,2026-06-20T21:19,web,technical,resolved
868,69,2026-03-12T21:25,mobile,technical,resolved
869,588,2026-07-14T20:15,api,technical,abandoned
870,485,2026-03-27T17:51,api,health,resolved
871,17,2026-02-18T17:25,mobile,safety,resolved
872,44,2026-02-19T19:28,mobile,technical,resolved
873,251,2026-01-21T21:06,web,health,resolved
874,128,2026-03-14T12:13,api,billing,escalated
875,128,2026-02-27T19:08,web,account,resolved
876,310,2026-03-14T03:30,web,health,resolved
877,84,2026-06-01T22:55,web,technical,resolved
878,325,2026-07-08T16:42,api,safety,abandoned
879,433,2026-03-11T19:59,web,health,resolved
880,169,2026-02-02T20:25,web,safety,escalated
881,2,2026-07-10T19:52,web,account,resolved
882,530,2026-01-27T04:51,mobile,technical,resolved
883,290,2026-04-25T18:01,web,education,resolved
884,319,2026-03-05T20:05,mobile,education,resolved
885,513,2026-04-25T09:34,web,billing,abandoned
886,538,2026-05-04T07:44,web,account,escalated
887,436,2026-07-20T08:43,api,billing,resolved
888,519,2026-01-27T23:34,mobile,account,resolved
889,68,2026-07-04T10:25,mobile,account,resolved
890,559,2026-03-28T03:30,mobile,account,resolved
891,254,2026-06-10T01:56,web,safety,resolved
892,404,2026-04-23T20:15,mobile,safety,resolved
893,501,2026-04-06T08:35,web,billing,resolved
894,191,2026-03-22T19:16,mobile,health,abandoned
895,133,2026-04-19T22:38,mobile,technical,resolved
896,333,2026-02-03T15:55,api,billing,escalated
897,38,2026-07-02T16:53,api,account,resolved
898,324,2026-02-24T14:50,web,safety,abandoned
899,292,2026-06-29T23:20,api,safety,resolved
900,408,2026-04-07T12:06,api,health,resolved
901,260,2026-03-31T20:12,web,safety,resolved
902,325,2026-06-07T00:40,web,safety,abandoned
903,111,2026-03-11T22:23,api,health,resolved
904,329,2026-04-18T14:12,mobile,education,resolved
905,436,2026-01-05T13:27,mobile,education,escalated
906,227,2026-04-25T12:43,mobile,education,resolved
907,280,2026-02-02T09:39,mobile,safety,resolved
908,382,2026-05-12T04:47,mobile,safety,resolved
909,68,2026-05-10T14:30,web,education,resolved
910,172,2026-06-10T08:49,web,health,resolved
911,196,2026-06-14T16:12,api,health,resolved
912,589,2026-02-11T21:29,api,safety,resolved
913,528,2026-03-26T21:47,api,safety,resolved
914,521,2026-03-02T23:04,web,health,resolved
915,530,2026-05-21T06:58,mobile,education,resolved
916,301,2026-06-22T12:16,mobile,account,resolved
917,238,2026-03-16T07:49,web,account,resolved
918,457,2026-07-07T05:07,mobile,billing,resolved
919,170,2026-02-24T07:47,web,technical,resolved
920,248,2026-06-13T19:11,api,billing,resolved
921,493,2026-06-21T13:43,mobile,technical,escalated
922,419,2026-05-07T12:48,mobile,safety,resolved
923,108,2026-05-17T01:45,web,safety,resolved
924,567,2026-04-05T22:35,api,technical,resolved
925,167,2026-04-09T07:46,mobile,technical,resolved
926,314,2026-01-11T08:56,web,account,resolved
927,414,2026-05-06T18:44,api,education,resolved
928,466,2026-01-27T19:06,api,health,abandoned
929,104,2026-01-26T19:26,web,technical,resolved
930,242,2026-01-03T19:57,web,technical,resolved
931,301,2026-07-08T16:45,web,safety,resolved
932,106,2026-02-18T18:58,api,education,abandoned
933,206,2026-06-03T15:30,mobile,health,resolved
934,147,2026-05-11T10:56,web,account,resolved
935,99,2026-01-09T03:24,web,education,resolved
936,30,2026-02-21T12:33,web,safety,abandoned
937,82,2026-04-16T14:11,mobile,education,resolved
938,147,2026-05-16T03:11,api,technical,abandoned
939,158,2026-02-23T05:12,mobile,billing,abandoned
940,268,2026-04-23T01:53,mobile,technical,escalated
941,416,2026-04-12T10:05,api,account,resolved
942,421,2026-04-07T16:40,web,technical,resolved
943,569,2026-07-25T20:44,api,safety,abandoned
944,225,2026-03-03T06:38,web,safety,abandoned
945,99,2026-06-03T06:04,api,safety,resolved
946,309,2026-02-14T16:57,mobile,technical,abandoned
947,295,2026-06-05T20:37,mobile,technical,resolved
948,59,2026-02-25T04:55,web,billing,resolved
949,174,2026-01-21T08:05,web,education,resolved
950,104,2026-01-12T20:26,api,education,resolved
951,131,2026-07-09T00:10,mobile,technical,resolved
952,177,2026-02-14T03:29,web,billing,abandoned
953,2,2026-03-24T13:55,api,health,abandoned
954,139,2026-03-06T13:48,api,safety,resolved
955,472,2026-04-18T01:03,api,safety,resolved
956,470,2026-06-04T20:43,web,technical,resolved
957,438,2026-01-27T00:09,web,account,abandoned
958,249,2026-07-09T20:43,mobile,safety,abandoned
959,479,2026-01-29T18:01,api,technical,resolved
960,281,2026-01-05T16:25,web,education,resolved
961,2,2026-06-18T01:27,web,technical,escalated
962,389,2026-03-23T13:52,web,education,abandoned
963,205,2026-01-18T03:17,api,education,resolved
964,293,2026-01-15T13:53,web,technical,escalated
965,8,2026-05-19T20:38,web,education,resolved
966,600,2026-01-04T01:30,mobile,health,abandoned
967,398,2026-01-06T16:29,api,education,resolved
968,421,2026-06-24T22:43,web,health,abandoned
969,373,2026-04-27T13:11,api,account,resolved
970,524,2026-01-17T14:23,api,health,resolved
971,151,2026-04-01T03:30,api,health,resolved
972,477,2026-02-23T05:35,mobile,safety,abandoned
973,504,2026-07-27T06:17,web,safety,resolved
974,439,2026-05-27T14:15,web,safety,resolved
975,391,2026-03-20T20:36,api,billing,resolved
976,397,2026-01-22T16:48,web,education,escalated
977,166,2026-06-20T16:18,web,health,escalated
978,577,2026-06-13T05:55,web,safety,resolved
979,183,2026-03-20T19:40,mobile,safety,resolved
980,90,2026-07-03T02:13,mobile,education,resolved
981,164,2026-01-19T02:39,api,technical,escalated
982,225,2026-07-21T03:24,mobile,technical,resolved
983,179,2026-07-06T22:49,api,health,resolved
984,253,2026-05-13T14:38,api,safety,escalated
985,569,2026-07-13T18:37,mobile,safety,resolved
986,187,2026-03-04T17:20,mobile,account,resolved
987,52,2026-06-23T13:24,mobile,billing,abandoned
988,57,2026-06-12T18:23,mobile,technical,escalated
989,320,2026-01-25T17:35,api,education,resolved
990,223,2026-07-02T02:17,web,education,resolved
991,466,2026-01-09T06:18,api,billing,escalated
992,33,2026-02-02T20:21,api,billing,resolved
993,114,2026-01-03T16:17,mobile,health,resolved
994,31,2026-02-03T10:43,mobile,health,escalated
995,518,2026-02-07T04:56,web,safety,abandoned
996,229,2026-05-04T15:56,api,account,escalated
997,106,2026-02-23T05:16,api,technical,resolved
998,367,2026-04-03T18:17,mobile,account,resolved
999,181,2026-03-15T08:44,web,education,abandoned
1000,378,2026-05-10T03:49,web,health,abandoned
1001,52,2026-01-09T16:18,web,safety,resolved
1002,579,2026-05-20T17:57,web,health,resolved
1003,318,2026-04-03T11:23,web,billing,resolved
1004,572,2026-06-12T12:43,api,account,escalated
1005,30,2026-01-01T13:58,api,education,abandoned
1006,542,2026-05-25T18:57,api,education,resolved
1007,503,2026-04-30T23:56,mobile,health,resolved
1008,582,2026-04-21T02:45,mobile,education,resolved
1009,593,2026-04-04T08:08,web,account,resolved
1010,304,2026-05-09T05:08,mobile,safety,resolved
1011,360,2026-02-27T01:09,mobile,health,resolved
1012,26,2026-07-07T18:52,web,health,resolved
1013,404,2026-02-27T15:22,api,technical,resolved
1014,262,2026-01-16T18:49,api,health,resolved
1015,231,2026-01-15T07:12,mobile,technical,resolved
1016,78,2026-07-22T15:00,web,safety,resolved
1017,498,2026-04-07T13:31,mobile,billing,resolved
1018,470,2026-04-04T22:44,mobile,safety,resolved
1019,564,2026-07-15T17:40,web,account,escalated
1020,295,2026-07-27T05:59,api,technical,resolved
1021,209,2026-03-20T15:10,mobile,account,resolved
1022,301,2026-02-28T12:55,mobile,billing,resolved
1023,518,2026-06-13T07:14,mobile,technical,abandoned
1024,267,2026-04-07T18:21,api,technical,escalated
1025,234,2026-05-07T03:13,mobile,billing,resolved
1026,518,2026-01-31T04:43,web,billing,resolved
1027,542,2026-04-08T13:25,mobile,account,resolved
1028,448,2026-02-28T01:43,api,account,resolved
1029,549,2026-03-15T15:17,web,billing,resolved
1030,475,2026-04-10T18:14,mobile,billing,resolved
1031,331,2026-03-15T16:26,api,technical,resolved
1032,201,2026-07-20T14:50,api,account,abandoned
1033,180,2026-06-04T15:57,api,safety,resolved
1034,259,2026-06-15T19:50,api,safety,escalated
1035,443,2026-04-10T19:00,api,safety,resolved
1036,251,2026-04-21T16:52,web,health,resolved
1037,120,2026-06-03T22:02,api,safety,resolved
1038,421,2026-07-13T16:19,web,safety,resolved
1039,128,2026-07-07T15:07,api,account,resolved
1040,180,2026-02-18T09:52,web,account,abandoned
1041,219,2026-04-28T16:10,api,education,resolved
1042,539,2026-06-10T20:24,web,technical,abandoned
1043,123,2026-05-12T04:05,api,technical,resolved
1044,509,2026-03-04T22:03,api,health,resolved
1045,502,2026-06-22T01:52,mobile,health,resolved
1046,490,2026-06-07T07:45,mobile,safety,abandoned
1047,435,2026-06-30T02:00,api,education,resolved
1048,121,2026-07-03T22:35,web,technical,abandoned
1049,335,2026-01-21T10:26,mobile,health,resolved
1050,124,2026-05-26T11:13,api,technical,resolved
1051,295,2026-04-03T14:20,mobile,account,resolved
1052,192,2026-07-22T08:39,api,education,resolved
1053,463,2026-04-17T07:38,mobile,billing,resolved
1054,202,2026-02-16T00:50,api,health,abandoned
1055,545,2026-01-02T23:17,mobile,account,resolved
1056,219,2026-04-29T16:46,web,billing,resolved
1057,3,2026-07-15T22:40,web,billing,resolved
1058,94,2026-07-21T03:22,api,safety,resolved
1059,577,2026-03-14T21:36,mobile,account,resolved
1060,538,2026-01-03T03:44,web,health,resolved
1061,374,2026-04-28T21:36,api,account,resolved
1062,438,2026-04-05T00:40,api,health,resolved
1063,245,2026-06-22T23:33,web,education,resolved
1064,502,2026-05-09T17:05,web,safety,escalated
1065,507,2026-06-08T09:50,web,account,escalated
1066,546,2026-01-02T14:33,api,health,resolved
1067,466,2026-03-06T10:09,api,education,resolved
1068,171,2026-03-19T03:44,mobile,education,resolved
1069,203,2026-05-29T04:35,web,account,resolved
1070,506,2026-02-23T07:53,api,safety,resolved
1071,134,2026-03-09T02:06,mobile,account,resolved
1072,547,2026-04-01T02:01,mobile,account,resolved
1073,34,2026-07-06T23:54,mobile,billing,escalated
1074,387,2026-02-28T07:29,web,health,resolved
1075,533,2026-02-09T21:36,mobile,health,resolved
1076,257,2026-04-06T09:05,web,technical,escalated
1077,531,2026-06-05T19:20,web,billing,resolved
1078,455,2026-07-22T16:42,mobile,account,abandoned
1079,474,2026-07-02T14:17,api,education,resolved
1080,450,2026-04-29T18:18,mobile,health,abandoned
1081,207,2026-07-07T21:52,web,account,resolved
1082,409,2026-07-14T14:27,mobile,education,resolved
1083,254,2026-04-19T15:30,mobile,technical,escalated
1084,168,2026-06-18T13:47,web,health,resolved
1085,285,2026-03-06T07:56,mobile,education,resolved
1086,318,2026-01-09T09:48,web,technical,resolved
1087,129,2026-04-02T07:46,web,education,escalated
1088,40,2026-05-26T07:41,web,technical,abandoned
1089,269,2026-03-03T22:31,mobile,account,resolved
1090,36,2026-06-27T03:57,api,health,resolved
1091,554,2026-03-08T19:02,api,technical,resolved
1092,9,2026-02-16T20:29,web,education,resolved
1093,11,2026-05-18T16:04,mobile,education,abandoned
1094,30,2026-01-28T13:06,mobile,account,resolved
1095,369,2026-03-26T16:21,mobile,billing,resolved
1096,505,2026-05-15T12:55,mobile,safety,resolved
1097,290,2026-02-18T17:37,api,education,resolved
1098,390,2026-02-21T09:22,mobile,account,abandoned
1099,586,2026-06-13T14:19,mobile,account,resolved
1100,124,2026-05-13T04:55,mobile,education,resolved
1101,408,2026-07-12T09:43,mobile,technical,resolved
1102,533,2026-03-14T13:39,api,education,abandoned
1103,96,2026-02-09T05:26,mobile,technical,resolved
1104,578,2026-04-27T05:07,mobile,billing,resolved
1105,546,2026-02-08T08:00,api,education,resolved
1106,12,2026-01-11T00:31,api,account,resolved
1107,480,2026-02-08T09:13,web,billing,escalated
1108,202,2026-03-25T01:10,mobile,safety,resolved
1109,102,2026-05-26T08:13,mobile,safety,resolved
1110,21,2026-03-18T17:06,mobile,account,resolved
1111,18,2026-03-09T18:03,api,education,resolved
1112,298,2026-06-14T10:21,api,technical,resolved
1113,283,2026-06-25T09:16,api,safety,resolved
1114,16,2026-01-18T16:06,api,billing,resolved
1115,74,2026-06-10T10:31,api,health,resolved
1116,171,2026-06-02T04:18,web,health,resolved
1117,19,2026-01-01T07:01,mobile,billing,resolved
1118,40,2026-03-09T07:56,web,billing,escalated
1119,472,2026-07-18T15:27,mobile,safety,abandoned
1120,310,2026-06-06T05:14,api,health,resolved
1121,209,2026-05-05T15:12,api,technical,abandoned
1122,338,2026-04-05T10:01,mobile,account,resolved
1123,408,2026-04-24T02:46,mobile,technical,resolved
1124,538,2026-01-01T22:59,mobile,safety,abandoned
1125,128,2026-07-01T04:38,web,billing,resolved
1126,1,2026-03-05T00:26,mobile,account,abandoned
1127,186,2026-07-20T02:54,web,safety,resolved
1128,582,2026-07-10T19:15,web,health,abandoned
1129,441,2026-02-03T04:49,api,billing,resolved
1130,230,2026-02-02T13:14,web,education,escalated
1131,375,2026-07-17T02:53,web,technical,resolved
1132,219,2026-01-27T14:59,api,health,resolved
1133,208,2026-04-22T14:45,api,safety,resolved
1134,501,2026-02-24T01:54,web,technical,resolved
1135,450,2026-05-23T03:22,mobile,account,resolved
1136,277,2026-03-25T17:58,mobile,billing,abandoned
1137,549,2026-07-12T13:18,mobile,account,abandoned
1138,519,2026-01-12T14:58,mobile,account,resolved
1139,61,2026-07-24T00:32,mobile,education,resolved
1140,297,2026-02-28T12:38,api,health,escalated
1141,419,2026-01-07T01:39,web,account,resolved
1142,351,2026-05-25T09:01,api,safety,resolved
1143,321,2026-04-07T07:49,api,account,escalated
1144,145,2026-06-03T23:27,mobile,education,resolved
1145,90,2026-03-18T05:03,mobile,account,resolved
1146,332,2026-04-22T22:25,mobile,education,resolved
1147,326,2026-04-09T11:57,web,account,escalated
1148,181,2026-05-25T04:32,mobile,education,resolved
1149,506,2026-04-25T05:33,web,account,resolved
1150,481,2026-02-18T14:45,api,billing,resolved
1151,242,2026-05-11T07:00,api,health,resolved
1152,359,2026-07-22T14:21,api,education,abandoned
1153,178,2026-05-12T14:17,mobile,account,abandoned
1154,30,2026-02-12T23:52,mobile,billing,escalated
1155,443,2026-01-09T09:59,mobile,billing,resolved
1156,444,2026-06-22T10:49,mobile,health,resolved
1157,129,2026-01-10T12:56,mobile,safety,abandoned
1158,219,2026-07-21T07:57,web,billing,resolved
1159,196,2026-07-06T08:17,web,education,abandoned
1160,369,2026-02-28T19:17,mobile,education,abandoned
1161,576,2026-05-19T13:16,api,account,resolved
1162,38,2026-04-04T09:01,mobile,safety,resolved
1163,451,2026-06-28T22:29,mobile,account,abandoned
1164,131,2026-04-17T17:06,mobile,safety,escalated
1165,223,2026-03-22T01:05,api,health,resolved
1166,313,2026-06-23T18:17,api,technical,resolved
1167,25,2026-04-20T07:48,web,health,resolved
1168,285,2026-02-19T22:49,api,technical,resolved
1169,569,2026-06-27T02:30,web,billing,abandoned
1170,205,2026-07-16T08:01,web,safety,resolved
1171,246,2026-02-04T05:22,web,education,resolved
1172,495,2026-01-21T02:52,api,technical,resolved
1173,272,2026-05-19T22:10,api,billing,resolved
1174,481,2026-06-20T00:50,web,health,resolved
1175,20,2026-03-31T19:06,mobile,billing,escalated
1176,390,2026-07-08T18:05,api,education,resolved
1177,319,2026-01-23T19:17,web,education,escalated
1178,222,2026-01-16T23:09,api,safety,resolved
1179,420,2026-01-14T05:30,api,health,resolved
1180,159,2026-05-16T18:38,web,account,resolved
1181,272,2026-06-05T17:15,api,health,abandoned
1182,225,2026-03-08T15:11,api,safety,resolved
1183,340,2026-01-16T12:28,web,billing,abandoned
1184,447,2026-03-13T08:46,api,health,resolved
1185,287,2026-06-18T17:33,mobile,account,resolved
1186,103,2026-03-29T19:46,mobile,technical,resolved
1187,108,2026-01-01T21:35,mobile,technical,abandoned
1188,450,2026-04-21T02:00,api,account,abandoned
1189,350,2026-01-20T00:44,web,health,resolved
1190,221,2026-02-04T15:41,web,account,resolved
1191,281,2026-02-25T09:08,mobile,billing,resolved
1192,120,2026-04-14T00:38,mobile,safety,resolved
1193,538,2026-02-28T19:42,mobile,education,resolved
1194,494,2026-04-15T11:12,web,education,resolved
1195,4,2026-05-03T15:23,web,safety,resolved
1196,148,2026-03-18T03:32,web,safety,resolved
1197,85,2026-07-23T08:16,api,technical,resolved
1198,39,2026-06-20T12:08,web,education,resolved
1199,252,2026-05-18T04:03,web,education,abandoned
1200,207,2026-04-03T21:05,web,safety,resolved
1201,352,2026-01-31T20:46,mobile,technical,resolved
1202,23,2026-03-25T07:48,mobile,billing,escalated
1203,430,2026-04-10T05:31,api,billing,resolved
1204,337,2026-02-12T22:18,web,billing,abandoned
1205,127,2026-01-13T20:10,mobile,safety,resolved
1206,453,2026-07-16T00:50,mobile,safety,resolved
1207,116,2026-07-02T07:48,web,health,resolved
1208,335,2026-07-18T06:14,web,technical,escalated
1209,13,2026-06-08T23:59,mobile,technical,resolved
1210,429,2026-07-07T13:45,web,health,resolved
1211,101,2026-03-04T02:31,mobile,education,resolved
1212,207,2026-05-02T19:54,api,account,resolved
1213,72,2026-07-03T02:30,api,technical,resolved
1214,481,2026-01-05T06:47,api,billing,abandoned
1215,600,2026-02-25T17:30,api,safety,escalated
1216,466,2026-07-20T01:01,mobile,health,escalated
1217,348,2026-01-21T20:16,web,billing,resolved
1218,531,2026-01-09T11:36,web,safety,resolved
1219,59,2026-04-01T17:51,web,safety,resolved
1220,274,2026-02-09T04:51,mobile,billing,abandoned
1221,146,2026-03-27T23:23,api,health,escalated
1222,467,2026-05-10T05:47,api,safety,escalated
1223,17,2026-05-31T07:28,web,billing,resolved
1224,509,2026-07-02T03:58,mobile,account,abandoned
1225,344,2026-01-29T15:34,api,billing,resolved
1226,371,2026-02-18T05:24,web,health,abandoned
1227,165,2026-03-04T09:45,api,education,resolved
1228,187,2026-01-20T16:40,mobile,education,resolved
1229,482,2026-04-14T03:40,web,safety,resolved
1230,419,2026-04-18T01:48,web,technical,resolved
1231,519,2026-04-23T12:23,web,billing,resolved
1232,212,2026-03-14T11:16,mobile,billing,resolved
1233,501,2026-03-30T17:34,web,health,resolved
1234,458,2026-03-21T05:28,mobile,billing,resolved
1235,342,2026-04-01T02:40,web,technical,escalated
1236,462,2026-01-31T09:42,api,education,resolved
1237,479,2026-04-30T11:53,api,education,resolved
1238,493,2026-03-12T16:41,api,safety,resolved
1239,567,2026-02-22T12:19,mobile,safety,resolved
1240,280,2026-02-10T07:11,mobile,education,resolved
1241,536,2026-07-07T09:52,mobile,technical,resolved
1242,148,2026-02-03T04:33,web,health,escalated
1243,94,2026-02-22T10:34,api,account,abandoned
1244,233,2026-07-17T23:45,web,safety,resolved
1245,587,2026-03-21T22:08,mobile,technical,resolved
1246,41,2026-02-24T04:52,web,health,resolved
1247,444,2026-07-07T23:46,mobile,billing,resolved
1248,171,2026-03-18T19:32,mobile,billing,escalated
1249,318,2026-02-04T16:02,mobile,account,resolved
1250,595,2026-03-08T11:04,api,billing,resolved
1251,403,2026-04-29T20:00,api,health,resolved
1252,234,2026-06-29T18:48,web,education,resolved
1253,427,2026-03-27T12:18,api,account,abandoned
1254,405,2026-07-15T00:49,mobile,billing,resolved
1255,600,2026-05-22T22:27,web,education,resolved
1256,561,2026-01-21T04:29,api,health,abandoned
1257,37,2026-03-20T13:54,mobile,health,escalated
1258,30,2026-06-01T08:23,mobile,billing,escalated
1259,379,2026-04-14T04:46,api,health,resolved
1260,131,2026-05-20T06:16,web,account,resolved
1261,411,2026-06-19T07:11,web,education,resolved
1262,89,2026-06-24T12:21,api,account,resolved
1263,394,2026-06-15T07:56,mobile,technical,resolved
1264,396,2026-06-16T05:30,api,education,abandoned
1265,4,2026-02-22T12:49,api,safety,resolved
1266,258,2026-07-03T19:59,api,technical,resolved
1267,305,2026-06-22T04:02,web,billing,resolved
1268,307,2026-01-09T23:20,api,health,resolved
1269,102,2026-01-21T23:12,mobile,health,escalated
1270,11,2026-01-16T07:11,web,billing,resolved
1271,208,2026-05-21T14:36,web,health,escalated
1272,586,2026-01-24T02:40,api,education,resolved
1273,271,2026-06-19T11:03,mobile,account,abandoned
1274,266,2026-07-26T14:48,mobile,education,escalated
1275,394,2026-06-20T07:35,mobile,billing,resolved
1276,477,2026-01-23T07:02,web,health,resolved
1277,8,2026-04-12T23:41,web,account,abandoned
1278,122,2026-02-09T04:29,mobile,health,resolved
1279,571,2026-06-23T22:30,web,account,abandoned
1280,303,2026-06-12T22:30,api,safety,escalated
1281,519,2026-05-05T05:01,web,health,escalated
1282,189,2026-04-16T11:23,api,billing,resolved
1283,430,2026-01-23T16:13,web,technical,resolved
1284,366,2026-02-14T11:53,mobile,account,resolved
1285,339,2026-04-15T05:45,api,education,resolved
1286,160,2026-03-15T05:26,api,safety,resolved
1287,133,2026-04-03T22:47,mobile,technical,resolved
1288,88,2026-06-29T22:11,web,education,resolved
1289,495,2026-01-27T05:08,mobile,technical,escalated
1290,356,2026-03-15T18:06,api,health,resolved
1291,565,2026-02-22T15:51,mobile,technical,abandoned
1292,440,2026-01-04T12:45,web,technical,resolved
1293,232,2026-06-25T19:14,api,safety,resolved
1294,306,2026-01-08T04:58,api,safety,resolved
1295,372,2026-07-05T19:07,api,technical,resolved
1296,546,2026-06-11T14:20,api,account,escalated
1297,182,2026-02-19T00:04,mobile,health,resolved
1298,446,2026-02-09T01:09,mobile,health,resolved
1299,205,2026-04-26T18:48,mobile,technical,escalated
1300,186,2026-02-16T02:04,mobile,safety,resolved
1301,431,2026-03-24T12:07,web,health,escalated
1302,411,2026-03-29T08:38,mobile,account,escalated
1303,163,2026-03-24T18:25,mobile,safety,abandoned
1304,346,2026-01-21T14:58,web,billing,resolved
1305,257,2026-02-19T08:51,api,account,resolved
1306,227,2026-03-28T01:39,mobile,technical,abandoned
1307,525,2026-07-02T00:56,api,billing,resolved
1308,262,2026-02-11T21:09,mobile,technical,abandoned
1309,303,2026-03-11T22:55,web,billing,escalated
1310,195,2026-03-20T17:33,api,safety,resolved
1311,276,2026-02-15T02:48,api,technical,escalated
1312,362,2026-03-28T16:56,web,education,resolved
1313,335,2026-06-04T10:30,web,safety,resolved
1314,315,2026-07-13T06:54,web,health,resolved
1315,481,2026-02-05T17:36,mobile,account,resolved
1316,184,2026-05-08T02:34,web,education,escalated
1317,220,2026-06-03T23:06,web,education,resolved
1318,199,2026-01-02T13:06,web,technical,resolved
1319,300,2026-05-06T02:10,api,technical,escalated
1320,290,2026-07-20T14:29,api,account,resolved
1321,297,2026-02-27T21:31,web,technical,escalated
1322,390,2026-05-19T07:54,web,technical,resolved
1323,289,2026-01-27T06:10,api,billing,resolved
1324,478,2026-01-03T14:08,web,technical,resolved
1325,291,2026-03-05T19:18,mobile,billing,resolved
1326,489,2026-03-30T17:49,web,technical,abandoned
1327,178,2026-05-15T23:19,mobile,technical,resolved
1328,582,2026-07-09T07:57,api,account,escalated
1329,477,2026-05-04T02:24,api,health,abandoned
1330,547,2026-03-12T13:40,mobile,health,abandoned
1331,32,2026-06-14T03:54,web,technical,resolved
1332,286,2026-02-20T00:46,api,health,resolved
1333,287,2026-02-22T19:46,mobile,technical,resolved
1334,371,2026-07-27T08:54,api,billing,abandoned
1335,246,2026-03-01T11:51,api,education,resolved
1336,36,2026-04-21T16:21,api,billing,abandoned
1337,329,2026-07-06T01:10,mobile,billing,resolved
1338,21,2026-05-27T20:04,mobile,billing,abandoned
1339,38,2026-05-08T03:17,api,technical,resolved
1340,429,2026-02-05T20:55,api,technical,resolved
1341,267,2026-01-15T21:05,web,safety,resolved
1342,11,2026-02-03T20:14,api,billing,resolved
1343,371,2026-06-24T10:03,mobile,education,resolved
1344,565,2026-03-08T20:50,mobile,education,resolved
1345,138,2026-05-26T03:27,api,account,resolved
1346,217,2026-04-24T12:23,web,billing,resolved
1347,490,2026-03-25T20:20,mobile,health,resolved
1348,157,2026-03-30T08:21,api,education,resolved
1349,365,2026-02-14T00:08,mobile,safety,resolved
1350,437,2026-06-22T02:08,api,health,resolved
1351,198,2026-05-24T15:50,mobile,account,resolved
1352,414,2026-01-18T06:48,api,safety,resolved
1353,220,2026-07-01T18:36,mobile,billing,resolved
1354,479,2026-07-10T01:57,mobile,account,abandoned
1355,388,2026-03-25T03:12,api,billing,resolved
1356,521,2026-05-09T22:22,mobile,safety,abandoned
1357,34,2026-04-03T12:23,mobile,education,resolved
1358,460,2026-05-18T01:31,api,safety,resolved
1359,315,2026-06-04T17:02,mobile,safety,resolved
1360,439,2026-05-17T05:12,mobile,technical,resolved
1361,248,2026-01-01T12:55,api,health,resolved
1362,535,2026-03-28T08:00,mobile,health,abandoned
1363,335,2026-04-19T16:18,api,technical,resolved
1364,458,2026-05-06T13:12,web,account,abandoned
1365,301,2026-05-19T08:11,api,billing,escalated
1366,314,2026-02-28T08:16,web,safety,resolved
1367,508,2026-06-17T14:15,api,education,resolved
1368,506,2026-06-18T06:30,api,technical,resolved
1369,147,2026-06-25T18:57,mobile,billing,resolved
1370,178,2026-04-05T21:41,mobile,account,resolved
1371,335,2026-02-07T20:55,mobile,health,resolved
1372,248,2026-01-05T16:35,mobile,health,resolved
1373,14,2026-06-01T02:26,web,safety,resolved
1374,188,2026-06-04T18:40,mobile,technical,abandoned
1375,316,2026-07-28T01:51,api,technical,resolved
1376,31,2026-07-03T22:18,web,billing,abandoned
1377,322,2026-03-16T12:51,web,billing,abandoned
1378,9,2026-05-12T08:51,api,safety,escalated
1379,540,2026-05-26T18:41,api,education,abandoned
1380,157,2026-04-18T01:16,web,safety,resolved
1381,430,2026-02-11T07:19,api,technical,abandoned
1382,109,2026-04-10T22:02,web,technical,escalated
1383,44,2026-05-11T13:52,api,education,resolved
1384,594,2026-03-26T11:51,mobile,education,escalated
1385,124,2026-03-20T07:50,mobile,education,resolved
1386,212,2026-07-19T04:39,mobile,safety,resolved
1387,580,2026-02-25T05:02,mobile,education,escalated
1388,423,2026-07-06T16:14,api,account,resolved
1389,255,2026-05-24T17:18,api,account,resolved
1390,510,2026-01-30T22:13,api,safety,abandoned
1391,345,2026-03-12T23:08,web,billing,resolved
1392,512,2026-03-22T21:51,web,account,abandoned
1393,190,2026-05-11T22:38,web,safety,resolved
1394,406,2026-02-13T00:48,api,health,resolved
1395,43,2026-04-07T00:21,mobile,technical,resolved
1396,385,2026-02-02T10:55,web,billing,resolved
1397,232,2026-05-31T20:18,mobile,billing,resolved
1398,529,2026-07-11T05:45,api,health,resolved
1399,358,2026-04-10T06:48,web,health,abandoned
1400,403,2026-07-16T01:11,web,safety,escalated
1401,522,2026-02-12T08:33,api,technical,resolved
1402,60,2026-07-21T10:20,api,safety,resolved
1403,282,2026-02-12T00:30,api,billing,resolved
1404,328,2026-01-12T14:06,mobile,technical,resolved
1405,310,2026-03-25T07:26,mobile,safety,resolved
1406,36,2026-03-15T14:20,mobile,health,abandoned
1407,397,2026-05-02T22:08,api,safety,abandoned
1408,590,2026-07-17T19:32,web,account,resolved
1409,88,2026-01-06T05:26,api,safety,resolved
1410,375,2026-04-13T02:47,mobile,technical,escalated
1411,483,2026-02-27T08:54,api,account,resolved
1412,122,2026-02-20T07:30,web,billing,resolved
1413,438,2026-01-16T06:38,web,billing,resolved
1414,574,2026-05-14T16:51,web,education,resolved
1415,294,2026-01-07T11:16,mobile,education,abandoned
1416,400,2026-05-30T20:11,web,education,resolved
1417,442,2026-06-05T23:50,mobile,education,resolved
1418,519,2026-02-05T01:47,api,health,resolved
1419,512,2026-03-27T08:25,api,technical,resolved
1420,5,2026-01-16T01:24,mobile,safety,resolved
1421,391,2026-05-10T02:00,api,billing,abandoned
1422,46,2026-02-24T08:34,web,technical,resolved
1423,80,2026-07-02T08:14,web,education,resolved
1424,242,2026-02-25T07:40,mobile,health,resolved
1425,317,2026-05-11T21:51,mobile,education,resolved
1426,575,2026-07-21T21:04,api,technical,escalated
1427,35,2026-07-26T05:37,mobile,account,resolved
1428,320,2026-02-01T23:46,api,safety,resolved
1429,531,2026-04-15T16:34,web,health,resolved
1430,47,2026-05-20T17:47,web,billing,abandoned
1431,215,2026-06-30T09:34,web,account,resolved
1432,233,2026-05-23T13:28,web,technical,escalated
1433,35,2026-06-25T05:55,api,health,resolved
1434,309,2026-04-26T12:06,web,account,abandoned
1435,301,2026-03-11T13:23,web,billing,resolved
1436,541,2026-06-03T03:55,web,billing,abandoned
1437,338,2026-06-12T05:43,api,health,resolved
1438,25,2026-04-04T23:04,web,safety,resolved
1439,341,2026-03-21T12:14,web,safety,resolved
1440,64,2026-07-12T08:04,api,education,resolved
1441,204,2026-04-20T02:01,api,billing,resolved
1442,216,2026-04-03T03:40,api,billing,resolved
1443,437,2026-05-22T16:15,web,technical,resolved
1444,192,2026-04-06T12:17,web,technical,resolved
1445,408,2026-03-12T15:46,mobile,technical,resolved
1446,200,2026-05-20T15:34,mobile,safety,abandoned
1447,297,2026-03-24T21:50,web,account,resolved
1448,305,2026-01-05T12:52,web,education,abandoned
1449,284,2026-03-10T02:04,mobile,billing,resolved
1450,295,2026-07-10T13:36,api,safety,resolved
1451,432,2026-02-02T13:13,web,account,resolved
1452,187,2026-01-29T03:23,mobile,health,resolved
1453,444,2026-07-25T00:22,mobile,safety,escalated
1454,365,2026-01-30T07:32,web,health,abandoned
1455,150,2026-03-02T22:03,web,safety,abandoned
1456,325,2026-07-22T05:46,api,safety,resolved
1457,546,2026-01-06T21:47,web,account,resolved
1458,231,2026-06-03T09:50,api,technical,resolved
1459,133,2026-03-30T17:23,api,safety,abandoned
1460,460,2026-03-15T05:30,mobile,technical,resolved
1461,97,2026-07-28T04:26,web,health,resolved
1462,301,2026-06-08T23:22,web,health,resolved
1463,88,2026-04-22T23:27,web,account,resolved
1464,555,2026-02-21T05:29,mobile,billing,resolved
1465,38,2026-02-13T03:32,api,education,resolved
1466,316,2026-04-13T05:06,web,account,resolved
1467,403,2026-02-28T16:45,web,health,resolved
1468,211,2026-03-29T08:13,web,billing,abandoned
1469,134,2026-07-11T16:01,mobile,billing,resolved
1470,249,2026-06-14T21:17,api,education,resolved
1471,326,2026-03-04T14:01,mobile,education,resolved
1472,583,2026-07-07T02:29,api,education,resolved
1473,160,2026-03-06T16:02,mobile,health,resolved
1474,503,2026-04-17T15:43,mobile,health,resolved
1475,274,2026-04-01T16:36,mobile,health,resolved
1476,400,2026-04-24T06:38,web,account,resolved
1477,61,2026-02-08T01:10,web,education,resolved
1478,348,2026-05-03T08:21,api,technical,resolved
1479,500,2026-03-29T14:28,mobile,billing,resolved
1480,90,2026-04-21T15:36,api,safety,resolved
1481,450,2026-02-03T20:45,api,account,resolved
1482,487,2026-02-18T07:17,mobile,account,escalated
1483,535,2026-05-12T04:28,web,safety,resolved
1484,322,2026-05-13T09:27,api,health,resolved
1485,134,2026-02-03T16:26,api,education,resolved
1486,469,2026-06-18T05:27,mobile,account,resolved
1487,575,2026-01-04T11:08,web,health,resolved
1488,72,2026-04-19T00:36,api,technical,resolved
1489,400,2026-01-17T05:33,web,billing,abandoned
1490,167,2026-06-15T23:16,web,education,abandoned
1491,435,2026-03-02T07:31,api,account,abandoned
1492,212,2026-07-03T07:10,web,billing,resolved
1493,564,2026-02-25T23:30,web,technical,resolved
1494,54,2026-02-06T07:05,mobile,health,escalated
1495,538,2026-05-27T07:57,web,education,resolved
1496,438,2026-05-13T02:06,mobile,account,escalated
1497,38,2026-03-08T21:51,mobile,billing,resolved
1498,511,2026-01-17T23:19,web,safety,resolved
1499,201,2026-02-14T07:10,api,technical,resolved
1500,529,2026-03-18T09:48,api,technical,resolved
1501,439,2026-06-23T07:59,api,education,escalated
1502,383,2026-03-01T01:16,mobile,safety,escalated
1503,128,2026-05-01T18:31,web,account,escalated
1504,56,2026-05-02T03:44,mobile,technical,resolved
1505,578,2026-01-29T11:53,mobile,technical,resolved
1506,331,2026-05-14T15:47,mobile,technical,escalated
1507,279,2026-02-11T13:30,api,education,resolved
1508,63,2026-03-30T03:10,mobile,safety,resolved
1509,515,2026-04-21T20:29,mobile,account,resolved
1510,300,2026-04-02T08:37,web,education,resolved
1511,240,2026-05-30T14:42,web,safety,resolved
1512,568,2026-03-14T04:33,mobile,billing,resolved
1513,126,2026-07-12T15:07,web,education,resolved
1514,393,2026-05-27T11:04,web,health,resolved
1515,485,2026-06-03T12:42,web,safety,abandoned
1516,17,2026-04-09T15:30,api,technical,resolved
1517,37,2026-07-13T20:20,mobile,education,resolved
1518,356,2026-04-28T03:08,web,account,resolved
1519,14,2026-07-10T16:23,api,technical,abandoned
1520,444,2026-03-01T07:45,mobile,education,resolved
1521,224,2026-05-01T05:22,api,technical,resolved
1522,586,2026-01-17T07:11,web,health,resolved
1523,45,2026-01-21T10:12,web,account,abandoned
1524,290,2026-04-14T09:35,api,education,resolved
1525,425,2026-04-02T16:34,web,education,resolved
1526,401,2026-01-25T06:40,mobile,billing,resolved
1527,477,2026-05-08T20:28,mobile,safety,resolved
1528,452,2026-04-20T04:08,mobile,health,resolved
1529,421,2026-01-01T05:59,mobile,account,escalated
1530,226,2026-04-28T14:46,web,safety,resolved
1531,161,2026-01-14T19:04,mobile,billing,resolved
1532,383,2026-04-18T02:33,web,safety,resolved
1533,564,2026-01-31T17:57,mobile,technical,escalated
1534,499,2026-02-23T05:26,mobile,billing,escalated
1535,415,2026-03-27T00:29,api,health,abandoned
1536,142,2026-07-01T12:42,web,technical,resolved
1537,329,2026-01-12T23:17,api,education,abandoned
1538,323,2026-07-19T00:13,mobile,technical,resolved
1539,504,2026-04-30T03:16,mobile,account,resolved
1540,274,2026-04-27T01:38,api,safety,resolved
1541,235,2026-03-02T04:09,web,education,resolved
1542,475,2026-07-01T18:55,mobile,account,resolved
1543,103,2026-07-15T16:52,web,health,resolved
1544,84,2026-04-12T05:21,web,billing,abandoned
1545,571,2026-02-05T00:37,mobile,account,resolved
1546,523,2026-07-27T08:44,api,account,abandoned
1547,206,2026-06-01T09:18,web,education,resolved
1548,567,2026-04-18T10:07,api,health,escalated
1549,157,2026-04-20T09:05,web,health,resolved
1550,380,2026-06-14T15:30,api,safety,resolved
1551,227,2026-02-12T05:54,mobile,account,resolved
1552,42,2026-07-21T05:50,web,safety,resolved
1553,376,2026-03-18T17:40,mobile,technical,abandoned
1554,58,2026-05-24T08:28,api,health,resolved
1555,110,2026-06-05T23:21,api,education,resolved
1556,309,2026-05-04T07:05,api,account,resolved
1557,208,2026-01-02T22:06,api,technical,resolved
1558,539,2026-04-01T11:02,web,billing,escalated
1559,28,2026-03-01T04:33,web,account,resolved
1560,378,2026-04-22T19:10,web,health,resolved
1561,67,2026-05-15T14:43,web,education,escalated
1562,201,2026-07-06T23:59,mobile,account,resolved
1563,579,2026-01-07T04:04,web,technical,resolved
1564,216,2026-04-03T23:46,web,technical,resolved
1565,56,2026-05-30T13:57,mobile,technical,abandoned
1566,94,2026-04-11T03:11,mobile,billing,resolved
1567,195,2026-06-23T09:39,mobile,billing,resolved
1568,146,2026-01-26T14:14,web,account,abandoned
1569,373,2026-06-20T05:07,mobile,health,resolved
1570,71,2026-05-31T09:28,mobile,safety,abandoned
1571,525,2026-06-22T13:41,mobile,education,resolved
1572,540,2026-06-15T04:07,api,technical,resolved
1573,349,2026-07-25T06:27,web,safety,resolved
1574,425,2026-04-17T05:03,api,health,escalated
1575,268,2026-02-04T13:20,mobile,account,resolved
1576,8,2026-02-26T13:39,api,technical,resolved
1577,31,2026-06-21T06:28,api,account,resolved
1578,3,2026-03-03T04:45,api,technical,resolved
1579,313,2026-02-01T20:33,web,account,resolved
1580,485,2026-06-16T08:47,mobile,safety,resolved
1581,176,2026-07-19T18:09,mobile,safety,abandoned
1582,576,2026-02-12T08:00,api,safety,resolved
1583,2,2026-05-01T22:22,web,account,resolved
1584,392,2026-01-17T22:35,web,safety,resolved
1585,332,2026-07-12T14:47,web,safety,resolved
1586,394,2026-01-15T11:14,api,education,resolved
1587,403,2026-06-17T10:14,web,account,abandoned
1588,313,2026-05-12T01:56,web,safety,resolved
1589,166,2026-06-06T10:21,api,account,resolved
1590,190,2026-01-18T06:46,web,technical,abandoned
1591,423,2026-06-13T18:36,mobile,education,resolved
1592,253,2026-01-12T06:28,web,safety,escalated
1593,99,2026-04-04T05:53,api,technical,resolved
1594,102,2026-01-21T13:06,web,account,resolved
1595,234,2026-04-29T22:00,api,account,abandoned
1596,299,2026-03-29T15:23,mobile,education,resolved
1597,78,2026-01-18T11:55,web,safety,escalated
1598,138,2026-05-19T03:28,web,billing,resolved
1599,399,2026-07-14T00:25,mobile,safety,resolved
1600,88,2026-05-22T19:35,mobile,account,resolved
1601,200,2026-04-18T15:12,web,account,resolved
1602,75,2026-01-22T06:14,api,safety,escalated
1603,290,2026-03-19T08:56,web,health,resolved
1604,479,2026-04-17T21:50,web,education,resolved
1605,565,2026-05-10T06:04,api,safety,resolved
1606,134,2026-06-11T20:25,mobile,health,resolved
1607,258,2026-07-01T10:06,web,technical,resolved
1608,510,2026-03-16T20:27,web,account,escalated
1609,307,2026-07-20T01:32,mobile,technical,resolved
1610,357,2026-03-26T02:30,mobile,account,resolved
1611,453,2026-03-31T02:41,mobile,account,abandoned
1612,433,2026-07-18T15:46,web,account,resolved
1613,263,2026-04-12T04:47,mobile,safety,resolved
1614,464,2026-01-01T16:49,mobile,billing,resolved
1615,415,2026-05-10T06:21,web,account,resolved
1616,292,2026-01-20T07:33,web,account,abandoned
1617,161,2026-06-03T00:04,web,education,abandoned
1618,14,2026-07-05T05:48,web,health,resolved
1619,68,2026-05-29T12:48,api,education,resolved
1620,31,2026-05-07T03:37,api,safety,resolved
1621,218,2026-01-25T17:36,mobile,technical,resolved
1622,277,2026-04-10T03:55,web,account,resolved
1623,86,2026-03-21T03:44,mobile,technical,resolved
1624,443,2026-01-27T09:21,web,health,resolved
1625,577,2026-04-01T06:01,web,safety,resolved
1626,106,2026-05-22T06:39,mobile,health,resolved
1627,339,2026-04-02T09:29,api,education,resolved
1628,307,2026-01-05T23:12,api,safety,resolved
1629,60,2026-02-10T16:27,api,technical,resolved
1630,21,2026-07-16T07:21,api,billing,resolved
1631,23,2026-05-24T04:14,mobile,technical,escalated
1632,585,2026-01-14T02:20,api,billing,resolved
1633,335,2026-07-23T00:57,api,health,resolved
1634,85,2026-06-19T05:18,web,health,abandoned
1635,304,2026-01-27T14:05,mobile,safety,abandoned
1636,112,2026-03-02T15:56,api,education,resolved
1637,454,2026-03-07T08:12,web,health,resolved
1638,189,2026-07-20T02:50,mobile,technical,resolved
1639,79,2026-02-12T22:17,web,safety,resolved
1640,217,2026-04-05T03:16,web,account,abandoned
1641,187,2026-04-08T09:59,web,technical,resolved
1642,97,2026-04-27T23:16,mobile,education,escalated
1643,391,2026-02-16T07:15,api,education,resolved
1644,464,2026-07-12T22:42,api,health,abandoned
1645,279,2026-02-05T17:51,api,safety,resolved
1646,507,2026-04-30T07:36,api,safety,resolved
1647,293,2026-07-05T07:14,mobile,billing,escalated
1648,566,2026-04-26T19:22,mobile,safety,resolved
1649,97,2026-04-09T23:46,api,technical,resolved
1650,151,2026-03-01T08:25,api,technical,resolved
1651,456,2026-03-14T15:50,api,billing,resolved
1652,450,2026-01-26T04:43,api,account,resolved
1653,401,2026-07-18T06:55,api,education,abandoned
1654,30,2026-02-10T00:01,web,safety,resolved
1655,322,2026-07-04T11:17,api,safety,resolved
1656,336,2026-04-14T15:12,web,safety,abandoned
1657,393,2026-07-13T14:25,web,technical,resolved
1658,410,2026-04-20T09:28,web,safety,escalated
1659,196,2026-04-11T00:13,mobile,education,resolved
1660,378,2026-04-29T05:55,web,health,escalated
1661,68,2026-05-28T13:44,api,health,resolved
1662,72,2026-01-29T03:28,web,safety,escalated
1663,359,2026-05-06T19:10,api,safety,resolved
1664,470,2026-05-04T21:11,api,health,abandoned
1665,524,2026-03-10T22:55,web,account,resolved
1666,289,2026-05-20T16:19,mobile,safety,resolved
1667,152,2026-04-18T03:33,api,account,resolved
1668,176,2026-04-24T05:42,mobile,safety,abandoned
1669,522,2026-01-05T10:26,api,billing,abandoned
1670,522,2026-04-17T12:26,web,education,resolved
1671,382,2026-02-07T05:51,mobile,billing,resolved
1672,59,2026-04-28T15:56,api,billing,resolved
1673,249,2026-04-12T17:10,api,health,resolved
1674,261,2026-01-23T12:21,mobile,technical,resolved
1675,505,2026-03-15T12:35,web,safety,resolved
1676,92,2026-04-15T20:22,api,technical,resolved
1677,255,2026-02-17T06:53,web,billing,abandoned
1678,478,2026-05-11T15:52,web,technical,abandoned
1679,561,2026-04-23T17:39,web,health,resolved
1680,305,2026-05-01T04:04,mobile,safety,resolved
1681,390,2026-02-23T14:54,web,education,escalated
1682,125,2026-05-15T22:02,mobile,health,escalated
1683,273,2026-05-02T21:37,web,safety,resolved
1684,284,2026-01-09T11:39,mobile,technical,resolved
1685,37,2026-01-20T20:29,mobile,technical,resolved
1686,259,2026-01-22T08:29,mobile,education,resolved
1687,375,2026-04-24T23:08,mobile,health,resolved
1688,533,2026-03-24T04:55,api,technical,resolved
1689,527,2026-01-14T14:45,web,technical,resolved
1690,126,2026-06-04T05:06,api,account,resolved
1691,490,2026-06-18T07:38,api,billing,resolved
1692,352,2026-03-19T08:21,web,safety,resolved
1693,312,2026-04-20T02:15,web,technical,resolved
1694,174,2026-07-02T10:29,web,education,resolved
1695,81,2026-01-03T09:19,api,account,resolved
1696,334,2026-06-19T21:43,mobile,health,escalated
1697,442,2026-06-22T11:39,mobile,safety,resolved
1698,325,2026-04-20T20:44,api,safety,resolved
1699,527,2026-07-10T14:28,api,billing,resolved
1700,294,2026-02-27T00:21,web,health,abandoned
1701,361,2026-04-06T05:15,mobile,billing,resolved
1702,374,2026-02-01T16:12,web,education,escalated
1703,540,2026-01-12T11:33,api,technical,escalated
1704,266,2026-04-19T18:23,mobile,account,resolved
1705,148,2026-03-06T20:30,web,health,resolved
1706,57,2026-05-06T04:40,api,health,resolved
1707,43,2026-07-10T11:30,api,education,resolved
1708,497,2026-07-19T11:59,mobile,health,abandoned
1709,459,2026-04-11T13:35,api,education,abandoned
1710,388,2026-02-23T08:32,api,health,abandoned
1711,438,2026-05-22T18:41,web,education,resolved
1712,134,2026-04-13T06:34,mobile,health,resolved
1713,214,2026-06-14T11:19,mobile,education,abandoned
1714,59,2026-05-08T09:03,api,health,abandoned
1715,545,2026-03-18T10:12,api,safety,resolved
1716,48,2026-03-01T17:43,api,technical,resolved
1717,204,2026-02-01T01:39,mobile,technical,resolved
1718,554,2026-03-30T11:49,mobile,safety,resolved
1719,163,2026-07-21T20:43,api,billing,abandoned
1720,552,2026-01-05T09:56,api,health,resolved
1721,420,2026-03-12T20:21,api,technical,resolved
1722,544,2026-01-18T12:40,mobile,technical,resolved
1723,105,2026-03-17T18:29,web,account,resolved
1724,98,2026-06-18T03:03,mobile,account,resolved
1725,351,2026-02-05T17:56,api,education,escalated
1726,384,2026-01-08T11:29,api,account,resolved
1727,494,2026-05-04T13:23,web,health,escalated
1728,212,2026-06-14T15:30,web,technical,resolved
1729,389,2026-06-12T23:10,mobile,health,abandoned
1730,345,2026-01-06T00:32,mobile,education,escalated
1731,262,2026-02-28T17:02,api,technical,resolved
1732,440,2026-03-18T13:27,mobile,health,resolved
1733,345,2026-03-11T07:33,web,health,resolved
1734,353,2026-07-02T07:41,mobile,safety,resolved
1735,424,2026-05-04T23:22,mobile,account,escalated
1736,558,2026-04-17T23:24,mobile,education,resolved
1737,153,2026-02-11T13:51,mobile,account,escalated
1738,433,2026-04-24T10:35,web,safety,resolved
1739,172,2026-02-21T10:23,web,billing,resolved
1740,270,2026-06-10T05:13,mobile,safety,resolved
1741,472,2026-04-17T07:44,mobile,technical,resolved
1742,222,2026-03-09T04:06,web,billing,resolved
1743,212,2026-04-22T12:00,api,education,resolved
1744,383,2026-04-01T11:27,api,health,escalated
1745,372,2026-06-18T06:17,web,health,escalated
1746,317,2026-04-02T10:57,api,billing,resolved
1747,514,2026-07-15T22:41,mobile,health,resolved
1748,137,2026-06-20T08:20,mobile,safety,resolved
1749,345,2026-03-13T15:41,mobile,account,abandoned
1750,518,2026-06-20T22:26,web,technical,resolved
1751,148,2026-01-17T01:58,api,education,resolved
1752,585,2026-03-03T14:22,web,education,resolved
1753,195,2026-03-30T14:36,web,health,resolved
1754,217,2026-06-01T06:42,web,safety,resolved
1755,557,2026-04-13T12:23,web,education,resolved
1756,438,2026-07-15T01:05,mobile,account,abandoned
1757,528,2026-06-29T01:18,mobile,billing,resolved
1758,63,2026-04-20T08:54,api,billing,resolved
1759,380,2026-05-27T09:16,api,technical,resolved
1760,283,2026-01-12T18:59,mobile,technical,resolved
1761,431,2026-06-15T08:33,api,education,resolved
1762,535,2026-02-23T19:43,web,education,resolved
1763,577,2026-01-01T09:40,web,education,resolved
1764,491,2026-04-13T15:12,api,safety,escalated
1765,42,2026-05-07T18:11,api,technical,resolved
1766,496,2026-04-16T20:15,mobile,account,resolved
1767,427,2026-02-01T10:05,web,billing,resolved
1768,336,2026-02-18T03:18,web,safety,resolved
1769,429,2026-06-04T13:40,mobile,technical,resolved
1770,573,2026-01-27T13:32,web,billing,resolved
1771,187,2026-07-25T14:52,api,health,resolved
1772,184,2026-06-24T04:17,api,technical,resolved
1773,121,2026-01-04T20:28,web,safety,escalated
1774,347,2026-04-10T12:37,web,education,resolved
1775,208,2026-06-04T18:18,api,account,resolved
1776,158,2026-07-20T22:20,mobile,account,abandoned
1777,199,2026-02-27T22:59,mobile,technical,resolved
1778,555,2026-02-28T15:50,mobile,safety,escalated
1779,373,2026-05-23T23:00,mobile,technical,resolved
1780,594,2026-01-16T13:56,web,technical,resolved
1781,445,2026-05-17T16:25,api,technical,escalated
1782,285,2026-03-18T20:39,api,account,resolved
1783,501,2026-03-30T14:49,mobile,billing,resolved
1784,516,2026-05-18T02:05,mobile,account,resolved
1785,45,2026-03-30T03:39,mobile,health,resolved
1786,390,2026-01-30T09:05,api,technical,resolved
1787,95,2026-05-25T02:30,mobile,safety,escalated
1788,374,2026-05-05T05:22,mobile,health,abandoned
1789,222,2026-04-24T07:34,api,account,abandoned
1790,112,2026-02-13T13:07,mobile,technical,resolved
1791,20,2026-02-16T02:40,mobile,education,resolved
1792,11,2026-06-15T06:47,api,education,resolved
1793,431,2026-07-11T19:10,api,account,resolved
1794,359,2026-04-02T19:00,mobile,education,resolved
1795,431,2026-02-23T06:43,api,safety,abandoned
1796,204,2026-03-27T22:00,web,education,abandoned
1797,42,2026-03-12T04:13,mobile,account,resolved
1798,472,2026-03-11T00:25,mobile,education,escalated
1799,197,2026-07-11T23:11,mobile,education,resolved
1800,569,2026-03-15T17:42,api,technical,abandoned
