ticket_id,rating
2,4
3,1
4,2
5,3
6,2
7,3
8,3
9,3
12,4
13,5
14,5
15,4
16,3
17,4
18,4
19,3
20,3
21,3
22,4
23,4
24,4
25,4
26,2
27,3
28,4
29,4
30,3
31,5
32,4
34,3
35,3
37,3
38,4
39,3
40,2
41,2
42,3
43,4
44,2
45,4
46,4
47,5
48,5
49,3
50,5
51,2
52,3
53,5
54,5
55,4
56,5
57,4
58,4
59,1
60,3
61,3
62,3
63,3
64,3
65,3
66,3
67,5
68,4
69,2
71,4
72,3
73,2
74,5
75,3
76,3
77,4
78,3
79,5
80,4
81,4
83,2
84,3
85,3
86,3
88,3
89,4
90,3
91,5
92,4
93,3
94,4
95,3
96,5
97,5
98,4
99,5
102,5
107,3
112,3
113,5
115,4
116,4
117,4
119,4
122,3
123,3
124,4
125,3
126,4
127,5
128,5
129,4
130,4
133,3
134,4
135,4
136,4
137,3
138,3
140,3
141,3
142,1
143,3
144,4
145,4
147,3
149,2
150,3
152,4
153,3
154,3
156,3
159,3
160,3
163,3
164,5
167,4
168,5
169,4
170,3
171,3
172,4
173,2
174,2
175,4
177,4
178,5
179,4
180,3
181,2
182,3
186,3
189,5
191,4
193,3
194,4
195,3
196,3
197,3
198,3
199,2
200,5
201,4
203,4
205,2
206,3
207,2
208,4
209,4
210,5
211,4
212,5
213,5
215,4
216,4
217,4
219,3
220,3
221,4
222,3
225,5
227,4
229,4
230,3
232,5
233,4
236,3
237,4
238,3
239,4
241,3
243,3
244,3
245,3
246,3
248,4
249,5
250,4
252,3
253,3
254,3
255,3
256,3
258,4
260,3
261,3
262,3
263,5
264,5
265,5
266,3
267,4
268,4
269,3
270,4
271,4
272,2
273,2
274,5
275,4
276,3
277,3
278,4
279,5
281,5
282,4
285,4
286,3
288,3
289,4
290,5
291,4
292,4
293,3
294,4
295,4
296,1
297,2
299,4
300,4
301,3
302,1
303,4
304,4
305,4
306,3
307,5
308,5
310,4
312,1
314,4
315,5
316,3
318,4
319,4
321,4
322,3
323,1
324,3
326,4
327,5
328,2
329,3
330,5
331,4
332,3
333,5
334,3
335,3
336,3
337,3
339,4
340,3
341,2
342,5
343,3
344,2
345,3
347,4
348,4
349,4
350,3
351,4
352,2
353,2
354,4
355,4
356,4
358,3
359,5
360,5
361,2
362,5
364,3
365,5
366,4
368,4
369,4
370,4
371,3
372,3
376,5
377,3
378,4
379,4
381,4
384,4
385,2
386,5
387,3
388,4
390,4
392,1
393,3
397,4
398,2
399,3
400,4
402,3
403,4
404,4
405,3
406,3
407,2
411,4
412,4
414,5
415,4
416,3
417,3
419,4
420,3
421,2
422,2
423,2
424,5
425,2
426,3
427,3
428,4
429,3
430,3
431,3
432,5
433,3
434,3
435,3
437,4
438,3
439,3
440,2
442,4
443,3
444,3
445,1
446,2
447,2
448,3
450,3
451,4
452,3
453,4
454,3
455,4
457,4
458,5
459,5
460,4
461,3
462,3
464,1
465,4
466,4
468,3
469,3
470,4
471,3
472,3
473,2
474,3
475,3
476,3
477,4
479,3
481,3
483,3
484,5
485,2
486,2
487,3
488,4
490,5
491,4
493,5
494,3
495,3
497,4
499,3
500,4
501,5
505,2
507,4
508,4
509,4
510,3
511,3
512,3
513,4
514,4
516,5
517,3
518,4
519,5
520,3
522,4
523,4
525,2
526,4
527,5
529,3
530,3
531,3
532,2
533,4
534,3
536,3
537,3
538,3
539,4
540,4
541,4
542,5
543,3
544,3
545,5
546,3
547,3
549,4
550,3
552,4
553,4
554,4
555,3
556,2
557,3
559,3
560,3
561,3
564,3
565,3
566,4
567,5
568,2
569,2
570,4
571,3
573,2
574,3
575,3
577,4
578,5
579,4
580,4
581,3
583,3
584,5
585,3
586,3
587,3
588,3
590,5
591,4
593,3
594,3
595,4
596,3
597,3
598,1
599,5
601,2
602,4
604,4
605,3
606,4
607,4
608,5
609,3
611,5
612,5
613,4
614,3
617,3
619,3
620,4
621,4
622,5
624,4
625,5
626,5
627,3
629,4
630,2
631,4
632,4
635,3
637,2
640,4
642,2
643,1
644,5
646,5
647,3
648,4
649,3
650,4
651,4
652,3
653,3
654,3
655,2
656,4
657,5
658,3
659,4
660,5
661,4
662,4
663,4
664,3
665,4
666,4
668,3
669,4
670,2
671,3
673,3
674,4
675,4
676,3
677,4
680,4
681,3
682,4
683,4
684,3
685,4
686,3
688,3
689,2
690,2
691,4
692,2
693,4
694,2
696,2
698,4
699,5
700,3
702,4
703,5
704,3
705,3
706,4
707,3
708,4
709,3
711,4
712,3
713,3
714,4
715,2
716,3
717,4
718,4
719,3
720,4
721,1
723,3
724,3
725,4
727,4
728,3
729,4
730,3
731,2
732,3
733,2
734,4
735,3
736,3
737,3
738,4
739,4
740,4
742,4
743,5
745,5
746,3
747,4
748,3
749,3
750,5
751,3
752,4
753,2
754,4
756,5
757,4
759,4
760,2
761,4
762,3
763,4
764,4
765,4
766,3
767,3
771,4
772,5
773,2
774,5
776,5
778,3
779,4
780,5
781,4
783,4
785,3
786,4
787,4
788,4
789,3
790,4
791,2
793,3
794,3
795,3
797,3
798,2
800,3
801,4
802,2
803,2
804,5
805,3
810,3
811,4
812,2
813,4
814,4
816,4
817,3
819,4
820,4
821,3
822,4
823,4
824,4
825,5
826,3
827,4
828,3
829,2
830,3
831,2
832,4
833,4
834,4
835,5
836,3
839,5
840,4
841,3
843,2
844,3
845,4
847,4
848,2
849,3
850,4
851,5
852,2
853,3
854,4
855,3
856,2
857,3
858,2
859,3
861,4
863,3
864,4
865,4
866,4
868,3
869,4
871,4
872,4
873,4
874,5
875,3
876,3
877,3
878,4
879,4
880,3
881,4
883,2
884,5
887,2
888,4
889,4
890,3
891,3
893,4
896,4
897,5
898,3
899,3
901,5
902,4
903,3
904,2
905,4
906,3
907,4
908,4
909,4
910,4
911,5
912,3
914,3
915,5
916,3
917,2
918,3
919,2
920,5
921,2
922,3
923,3
925,2
926,3
927,5
928,3
930,5
931,3
933,4
934,3
936,2
938,4
940,5
941,3
942,4
944,1
945,3
946,4
948,2
949,5
950,4
951,3
952,4
954,2
955,3
956,3
957,3
958,5
959,5
960,5
961,4
963,3
964,5
967,4
968,3
970,5
972,2
973,3
974,3
975,5
976,4
977,5
978,3
979,4
980,4
981,3
982,3
983,4
984,4
985,3
986,5
987,4
989,5
990,3
992,4
993,5
994,3
995,3
996,3
997,3
999,4
1001,4
1002,5
1003,3
1004,3
1005,2
1006,3
1007,3
1008,4
1009,4
1010,4
1011,2
1012,3
1013,3
1014,3
1017,4
1019,4
1021,3
1023,5
1025,3
1026,4
1027,4
1028,3
1029,3
1030,4
1031,3
1032,3
1033,3
1035,4
1036,4
1037,3
1039,3
1040,3
1041,5
1044,4
1045,4
1046,3
1047,5
1048,3
1051,4
1052,3
1054,5
1056,3
1057,4
1058,4
1059,4
1060,3
1061,4
1062,4
1063,4
1064,2
1065,4
1066,4
1067,5
1069,3
1070,2
1071,5
1074,4
1075,3
1076,4
1078,3
1079,3
1080,3
1081,4
1082,5
1083,3
1085,3
1086,5
1087,3
1088,2
1089,3
1090,2
1091,3
1092,4
1094,5
1098,4
1099,3
1100,4
1103,2
1104,5
1105,5
1106,3
1108,4
1109,2
1110,4
1111,4
1112,3
1114,2
1115,4
1116,3
1117,3
1118,3
1119,3
1120,5
1121,4
1122,4
1123,4
1124,3
1125,4
1126,3
1127,2
1128,4
1131,3
1132,5
1133,4
1134,4
1137,4
1138,4
1140,2
1142,2
1143,5
1145,4
1146,3
1147,3
1148,3
1149,4
1150,2
1151,4
1152,3
1153,2
1154,3
1156,4
1157,3
1158,3
1159,3
1160,3
1162,3
1163,3
1164,3
1166,1
1168,5
1169,4
1170,5
1171,3
1172,5
1174,2
1175,3
1176,4
1177,3
1178,5
1179,3
1180,4
1182,4
1183,5
1184,3
1185,3
1186,3
1187,4
1188,3
1189,3
1191,2
1192,3
1193,3
1194,3
1195,4
1196,5
1198,4
1200,3
1201,4
1202,3
1203,3
1204,4
1206,2
1207,3
1208,3
1209,3
1210,2
1211,4
1212,1
1213,4
1215,4
1216,3
1217,4
1218,1
1220,3
1221,3
1222,4
1223,3
1224,5
1225,3
1226,3
1227,3
1228,3
1229,2
1232,4
1233,4
1234,3
1235,3
1236,4
1237,3
1238,4
1239,2
1240,2
1241,2
1242,4
1244,4
1245,4
1246,4
1247,3
1249,5
1251,4
1254,3
1255,4
1256,4
1257,4
1259,3
1260,4
1261,4
1262,4
1263,1
1264,4
1265,4
1266,5
1267,3
1268,4
1269,4
1270,3
1271,4
1272,3
1273,2
1276,4
1277,4
1278,3
1279,2
1280,4
1282,3
1283,5
1284,3
1285,4
1286,3
1287,3
1288,5
1290,3
1293,4
1294,4
1295,5
1297,4
1299,4
1301,2
1302,4
1303,2
1304,5
1305,3
1306,4
1308,4
1309,4
1310,4
1311,5
1312,3
1313,5
1314,5
1316,3
1318,3
1319,4
1321,4
1323,4
1325,5
1326,4
1327,4
1328,5
1332,4
1333,4
1334,4
1336,4
1338,3
1339,5
1340,2
1341,5
1342,3
1343,4
1346,3
1347,3
1349,4
1350,3
1351,3
1352,4
1353,5
1354,4
1356,3
1357,1
1359,3
1361,3
1362,3
1363,4
1365,4
1366,4
1367,3
1369,3
1370,5
1372,4
1375,4
1376,5
1378,3
1379,3
1380,4
1381,4
1383,3
1384,2
1385,3
1386,3
1387,3
1389,4
1390,5
1392,3
1394,4
1395,2
1396,2
1397,4
1398,4
1399,4
1400,3
1401,4
1402,5
1403,3
1405,4
1406,5
1408,3
1410,3
1412,5
1413,5
1414,3
1416,2
1418,2
1419,3
1420,4
1423,5
1424,4
1425,4
1428,4
1430,2
1431,4
1432,4
1433,2
1434,3
1435,4
1437,3
1438,3
1439,3
1441,3
1442,4
1444,3
1445,4
1446,3
1448,4
1449,4
1451,4
1452,3
1453,2
1454,1
1456,4
1457,3
1458,3
1459,3
1460,3
1461,5
1462,4
1465,4
1466,4
1467,4
1468,3
1470,4
1472,5
1473,2
1474,3
1475,4
1478,3
1479,1
1480,4
1481,4
1482,4
1484,4
1485,3
1486,3
1487,4
1488,3
1489,3
1490,4
1492,3
1493,3
1496,4
1497,4
1498,4
1499,4
1500,4
1501,5
1502,5
1504,4
1505,4
1506,3
1507,4
1508,3
1509,4
1510,4
1511,4
1513,5
1515,3
1516,5
1517,3
1518,4
1519,4
1520,4
1521,3
1523,4
1524,4
1525,4
1526,3
1527,5
1528,2
1529,4
1530,3
1531,2
1532,2
1533,3
1534,4
1535,5
1536,5
1537,4
1538,4
1539,3
1540,4
1542,3
1543,4
1544,3
1545,4
1546,3
1549,3
1550,1
1551,4
1552,4
1553,4
1554,4
1555,3
1556,1
1558,4
1559,3
1561,2
1562,2
1563,3
1566,3
1568,3
1569,3
1570,4
1572,4
1573,5
1574,3
1575,3
1576,3
1577,5
1578,3
1579,5
1580,3
1582,3
1583,4
1584,4
1585,4
1587,4
1588,4
1589,3
1590,3
1592,2
1593,3
1594,4
1598,3
1599,3
1600,4
1601,3
1602,4
1603,5
1604,2
1605,3
1607,4
1608,4
1609,4
1610,3
1611,4
1612,4
1613,3
1614,5
1615,2
1617,3
1618,2
1619,4
1622,3
1624,4
1625,4
1626,5
1628,4
1629,2
1630,3
1632,1
1633,5
1635,2
1636,4
1638,3
1639,4
1640,3
1641,4
1642,3
1643,1
1646,3
1647,3
1648,2
1649,3
1651,4
1652,4
1653,4
1654,3
1655,3
1656,4
1657,2
1658,1
1659,4
1660,4
1661,4
1663,4
1665,5
1667,4
1670,4
1672,3
1673,3
1674,4
1675,4
1676,3
1677,2
1679,4
1680,3
1681,4
1682,3
1683,4
1684,4
1685,3
1687,5
1689,5
1690,3
1693,3
1694,3
1695,4
1696,4
1697,3
1698,3
1699,5
1700,4
1701,3
1703,3
1705,4
1706,4
1707,3
1708,4
1709,4
1710,4
1711,4
1712,4
1714,5
1716,4
1717,3
1718,4
1720,4
1721,4
1722,3
1723,2
1724,4
1725,2
1726,4
1727,4
1728,4
1729,3
1730,3
1731,4
1733,4
1734,3
1735,2
1736,4
1737,3
1738,4
1739,3
1740,3
1741,4
1742,4
1743,4
1744,5
1745,4
1746,3
1747,3
1748,3
1749,3
1750,4
1751,2
1752,3
1753,2
1754,5
1755,4
1758,3
1759,3
1761,5
1763,5
1767,3
1768,4
1769,2
1770,5
1772,5
1773,3
1774,4
1775,5
1776,5
1777,3
1778,3
1779,5
1780,5
1782,4
1783,5
1784,5
1785,3
1787,2
1788,5
1789,4
1790,3
1791,4
1792,4
1793,4
1794,2
1795,1
1796,2
1797,4
1798,3
1799,3
1800,4
1801,4
1802,5
1803,3
1805,5
1807,5
1810,3
1811,3
1812,5
1815,4
1816,4
1817,1
1818,5
1819,4
1820,1
1822,4
1823,4
1824,5
1826,3
1827,2
1830,3
1832,3
1833,5
1834,2
1835,2
1836,3
1837,5
1838,3
1839,4
1840,3
1841,1
1843,4
1845,5
1846,4
1847,1
1849,3
1850,4
1851,4
1853,4
1854,4
1855,4
1856,3
1857,3
1859,4
1860,3
1861,3
1862,3
1863,4
1864,4
1865,3
1866,3
1867,3
1868,5
1869,2
1870,3
1872,3
1873,3
1874,4
1875,3
1876,1
1877,3
1878,4
1879,3
1881,2
1882,3
1883,3
1884,4
1885,3
1886,3
1887,4
1888,4
1889,4
1892,3
1893,3
1894,3
1895,3
1897,3
1898,5
1899,2
1900,5
1901,3
1902,4
1903,2
1904,3
1907,3
1908,5
1909,4
1910,3
1911,5
1912,4
1913,5
1915,1
1917,4
1919,3
1920,4
1921,3
1922,2
1923,3
1924,5
1925,3
1926,4
1927,3
1930,3
1931,3
1932,3
1933,5
1935,3
1936,4
1937,4
1938,4
1939,3
1940,4
1941,4
1942,4
1943,2
1944,4
1946,4
1948,3
1949,3
1950,4
1951,3
1952,5
1953,3
1955,4
1956,5
1957,2
1958,4
1959,5
1960,2
1961,3
1963,5
1965,4
1966,3
1967,2
1968,3
1970,4
1972,4
1973,3
1975,3
1976,2
1977,3
1978,2
1979,4
1980,4
1981,4
1982,4
1983,4
1984,3
1985,4
1987,3
1988,4
1989,4
1990,3
1991,3
1992,3
1993,5
1994,3
1995,3
1996,4
1998,4
1999,3
2000,2
2001,3
2002,3
2003,3
2005,4
2007,3
2008,4
2009,2
2012,3
2013,3
2014,5
2015,2
2016,3
2018,4
2019,3
2020,3
2021,5
2023,4
2024,4
2025,3
2026,4
2027,3
2028,4
2029,3
2031,5
2032,3
2033,4
2035,4
2036,4
2037,4
2039,3
2040,4
2041,4
2043,3
2044,3
2045,3
2046,3
2047,2
2048,5
2049,3
2050,3
2052,5
2053,3
2054,3
2055,3
2057,5
2059,4
2060,4
2061,3
2062,4
2063,4
2064,4
2065,4
2066,4
2067,3
2068,4
2069,3
2070,3
2072,4
2073,4
2074,3
2076,4
2077,4
2079,5
2080,4
2081,5
2082,2
2083,1
2084,4
2085,3
2086,4
2087,1
2088,4
2089,4
2091,3
2092,4
2093,3
2094,5
2095,2
2096,4
2097,3
2098,2
2100,4
2102,4
2104,4
2105,3
2106,5
2107,4
2109,3
2111,3
2112,3
2116,4
2117,5
2118,3
2119,3
2121,5
2122,4
2123,5
2124,5
2125,3
2127,3
2129,3
2131,4
2132,3
2133,4
2134,3
2135,4
2137,4
2138,2
2139,5
2140,4
2141,2
2142,5
2144,3
2145,4
2147,1
2148,4
2150,3
2151,5
2152,4
2153,3
2155,3
2156,3
2157,2
2158,4
2159,4
2162,4
2163,5
2166,2
2167,2
2168,3
2169,4
2170,3
2171,3
2172,4
2173,5
2174,4
2175,3
2176,3
2177,4
2178,3
2179,4
2180,5
2181,4
2182,4
2183,5
2184,2
2185,4
2186,4
2188,4
2189,4
2190,4
2192,2
2193,4
2194,4
2195,3
2196,3
2198,3
2199,4
2201,3
2202,3
2203,5
2204,4
2206,3
2208,3
2209,2
2210,3
2211,4
2212,4
2213,5
2215,4
2217,3
2218,3
2219,4
2220,3
2221,4
2222,5
2223,4
2224,3
2226,4
2228,2
2229,2
2230,4
2232,2
2233,5
2234,2
2235,3
2236,3
2237,5
2238,3
2239,4
2240,4
2241,5
2242,3
2243,5
2244,2
2245,5
2249,2
2252,2
2254,4
2255,3
2257,5
2258,1
2259,5
2260,4
2261,3
2262,4
2264,3
2265,4
2267,4
2270,4
2271,4
2272,5
2273,3
2274,3
2275,3
2276,3
2277,4
2278,4
2279,4
2280,4
2282,4
2283,4
2285,4
2288,5
2289,3
2290,1
2291,4
2292,4
2294,4
2295,3
2296,5
2297,3
2298,3
2299,5
2300,4
2303,5
2304,4
2305,2
2306,3
2308,3
2309,2
2310,2
2312,3
2313,2
2314,5
2315,3
2317,1
2318,3
2321,3
2322,4
2323,4
2324,2
2326,5
2327,4
2328,3
2329,3
2332,5
2333,2
2334,2
2335,4
2336,3
2337,3
2338,4
2339,4
2340,3
2341,4
2342,3
2343,3
2344,3
2346,3
2348,3
2349,3
2350,4
2351,2
2354,3
2355,2
2356,3
2357,1
2360,4
2361,4
2362,5
2363,2
2364,3
2365,5
2366,3
2367,3
2368,5
2369,3
2370,4
2371,4
2372,3
2374,4
2375,1
2376,4
2378,4
2379,2
2380,3
2381,2
2382,5
2383,1
2384,3
2385,3
2386,4
2387,3
2388,3
2389,2
2390,3
2391,3
2394,4
2396,5
2397,3
2398,3
2401,4
2404,3
2405,2
2406,3
2407,3
2409,3
2410,3
2412,3
2413,3
2414,3
2415,5
2416,2
2417,4
2418,4
2419,3
2420,3
2423,3
2424,3
2425,3
2426,4
2427,5
2428,5
2429,4
2431,4
2433,5
2434,5
2436,4
2437,2
2438,4
2439,5
2440,3
2441,3
2442,4
2443,3
2444,4
2445,1
2447,3
2448,4
2449,3
2450,3
2451,3
2452,3
2453,4
2454,2
2455,1
2456,4
2457,3
2458,4
2459,5
2462,3
2463,3
2465,4
2466,4
2467,2
2468,3
2469,4
2470,3
2471,4
2472,4
2473,3
2474,5
2475,4
2476,3
2477,4
2478,3
2479,5
2480,4
2481,4
2483,4
2484,4
2485,5
2488,4
2489,4
2490,4
2491,4
2492,4
2493,5
2494,4
2495,4
2496,4
2497,4
2498,5
2499,3
2500,3
2501,3
2503,5
2504,4
2505,4
2506,4
2507,4
2508,3
2509,4
2511,5
2512,4
2513,4
2514,3
2515,4
2517,4
2518,4
2519,5
2521,4
2523,3
2524,4
2525,3
2527,5
2528,3
2529,4
2530,4
2532,3
2534,4
2535,5
2536,3
2537,5
2538,3
2539,4
2540,4
2541,3
2542,4
2543,4
2544,3
2546,3
2547,4
2548,2
2549,3
2551,3
2554,2
2555,2
2556,5
2558,4
2559,3
2560,3
2561,4
2563,3
2564,3
2565,3
2566,4
2567,3
2568,3
2569,3
2571,2
2573,4
2574,2
2575,4
2576,5
2577,4
2578,3
2581,3
2582,3
2583,3
2584,3
2585,1
2586,3
2587,4
2588,5
2591,5
2592,3
2593,4
2594,5
2596,2
2597,3
2598,3
2599,3
2600,3
2603,3
2604,3
2605,3
2606,4
2607,2
2609,3
2610,3
2611,3
2613,4
2614,1
2616,4
2617,2
2618,5
2619,3
2620,3
2621,3
2622,2
2624,4
2625,1
2626,3
2627,4
2630,4
2631,2
2632,3
2633,3
2634,4
2635,2
2636,3
2637,2
2638,2
2640,4
2641,3
2643,3
2644,3
2645,3
2646,3
2647,2
2649,3
2651,5
2652,3
2653,3
2655,3
2656,3
2657,4
2658,3
2659,4
2660,3
2661,3
2663,4
2664,3
2665,3
2666,4
2667,4
2668,3
2669,5
2671,4
2672,5
2673,2
2674,4
2675,3
2676,5
2677,1
2678,3
2680,4
2681,4
2682,3
2683,4
2684,5
2685,5
2686,4
2687,5
2688,3
2689,2
2690,3
2692,3
2693,3
2694,4
2697,5
2698,4
2700,2
2701,4
2703,4
2704,4
2705,3
2707,3
2708,5
2709,4
2710,5
2711,2
2712,4
2713,3
2714,3
2715,2
2716,5
2717,4
2718,3
2719,3
2720,3
2721,4
2722,3
2723,4
2724,3
2725,4
2726,3
2728,3
2729,4
2730,4
2731,4
2732,4
2734,4
2735,3
2736,4
2737,4
2738,3
2739,4
2740,3
2741,4
2743,2
2744,4
2746,2
2747,3
2748,1
2749,4
2750,4
2751,3
2752,4
2753,3
2754,3
2755,4
2756,3
2757,5
2760,3
2761,3
2762,4
2763,3
2767,4
2768,3
2769,3
2770,2
2771,5
2772,4
2774,3
2777,2
2778,4
2779,3
2780,4
2782,4
2784,3
2785,4
2786,4
2787,3
2790,3
2791,5
2792,3
2793,4
2795,4
2797,4
2800,4
2801,1
2804,3
2805,3
2806,4
2808,5
2809,3
2811,4
2813,3
2814,1
2815,3
2816,5
2819,5
2821,4
2822,5
2824,4
2825,3
2826,5
2828,3
2829,3
2830,3
2831,5
2832,4
2833,5
2834,2
2835,3
2837,4
2838,3
2839,4
2840,5
2841,3
2842,3
2843,3
2844,2
2845,2
2846,4
2848,2
2849,5
2850,4
2852,2
2854,4
2856,3
2857,5
2858,4
2860,4
2862,4
2863,4
2864,3
2865,3
2866,4
2867,2
2868,3
2869,3
2870,4
2871,4
2872,4
2873,3
2874,4
2875,5
2876,4
2877,3
2878,4
2879,4
2881,3
2882,3
2883,4
2884,5
2885,2
2887,1
2888,3
2892,3
2893,3
2894,4
2896,3
2897,4
2898,3
2900,5
2901,5
2902,5
2903,2
2904,2
2906,5
2908,4
2909,3
2910,3
2912,4
2913,5
2914,3
2915,4
2916,4
2917,3
2918,3
2919,3
2920,4
2921,5
2922,3
2924,3
2925,3
2926,4
2927,3
2929,3
2931,4
2932,1
2934,3
2936,3
2937,4
2938,3
2939,2
2940,5
2941,2
2943,3
2944,4
2945,4
2946,4
2947,4
2948,2
2951,5
2952,4
2953,5
2954,3
2955,5
2956,3
2957,3
2958,5
2959,3
2960,3
2962,5
2963,3
2964,4
2965,4
2966,3
2967,4
2968,3
2969,5
2970,3
2971,4
2972,3
2974,4
2975,2
2977,5
2978,2
2980,4
2981,3
2982,4
2983,4
2984,3
2985,4
2986,3
2989,3
2991,3
2993,3
2994,5
2995,4
2996,4
2997,4
2998,4
3000,3
3001,4
3002,5
3003,3
3004,4
3005,3
3006,4
3008,4
3009,3
3015,3
3016,4
3020,5
3021,3
3022,3
3023,5
3024,3
3025,3
3026,4
3028,4
3029,3
3030,4
3031,3
3033,5
3034,2
3035,4
3036,4
3037,4
3038,2
3039,3
3041,3
3043,4
3045,4
3046,4
3047,2
3048,3
3050,3
3053,2
3054,4
3057,2
3058,5
3059,2
3061,5
3062,1
3063,5
3064,5
3065,5
3066,4
3067,2
3069,3
3070,3
3071,4
3072,4
3074,3
3075,3
3076,2
3077,4
3078,2
3079,2
3080,3
3081,3
3083,3
3084,4
3085,1
3086,3
3087,5
3088,3
3090,3
3092,4
3093,3
3094,2
3095,4
3096,3
3098,4
3099,4
3100,3
3101,4
3102,4
3103,2
3104,4
3105,5
3107,3
3108,3
3109,4
3111,3
3112,4
3115,4
3116,4
3118,3
3120,3
3121,4
3122,3
3124,3
3125,4
3126,2
3127,3
3128,4
3129,2
3130,4
3131,3
3134,3
3136,5
3139,4
3140,3
3141,2
3144,4
3145,5
3146,4
3149,2
3150,4
3151,4
3153,4
3154,4
3155,3
3156,3
3157,4
3158,4
3160,4
3161,3
3162,5
3163,4
3164,4
3165,3
3166,3
3167,3
3168,5
3174,2
3175,4
3176,4
3177,3
3178,3
3179,4
3182,3
3183,2
3184,4
3185,2
3187,3
3188,2
3189,3
3190,3
3191,4
3192,1
3193,4
3194,3
3195,5
3196,4
3198,2
3199,4
3202,4
3203,3
3205,3
3207,3
3208,2
3209,4
3210,3
3211,4
3212,4
3213,3
3214,3
3215,3
3219,4
3220,3
3221,3
3222,4
3223,4
3224,4
3225,4
3226,4
3227,3
3228,3
3229,4
3231,3
3232,2
3233,4
3234,4
3235,5
3236,5
3237,4
3238,5
3239,3
3240,4
3241,3
3242,4
3243,3
3244,3
3245,3
3246,5
3249,3
3250,3
3251,4
3252,4
3253,4
3254,3
3255,3
3256,3
3257,3
3258,2
3259,3
3260,3
3261,3
3262,2
3263,4
3266,3
3268,3
3269,4
3270,4
3271,3
3273,5
3275,4
3276,2
3277,4
3278,5
3279,4
3280,4
3281,4
3283,4
3284,5
3285,4
3286,4
3287,5
3288,3
3289,3
3290,4
3291,1
3292,4
3293,3
3294,2
3296,4
3297,3
3299,4
3300,3
3301,3
3302,3
3303,3
3304,5
3305,4
3306,3
3307,3
3308,4
3309,3
3310,3
3311,4
3313,3
3314,3
3315,4
3317,2
3318,5
3319,3
3320,3
3321,2
3322,2
3323,5
3324,4
3325,2
3327,4
3329,4
3330,4
3331,3
3332,4
3333,4
3334,3
3335,3
3336,2
3337,4
3339,3
3341,2
3345,5
3348,3
3350,3
3351,3
3352,4
3353,4
3357,4
3359,3
3360,4
3361,3
3363,2
3364,5
3368,4
3369,4
3370,4
3371,4
3372,4
3373,4
3375,3
3376,5
3378,3
3379,3
3381,5
3382,4
3383,2
3384,5
3385,5
3386,3
3388,3
3389,5
3390,3
3391,3
3392,1
3393,4
3394,4
3396,3
3397,5
3399,3
3400,4
3401,4
3402,5
3404,3
3405,3
3406,2
3407,4
3409,4
3410,3
3411,3
3412,3
3413,5
3414,4
3416,5
3417,5
3418,4
3419,2
3420,5
3421,3
3422,5
3423,5
3425,4
3426,4
3427,5
3428,4
3429,3
3430,3
3432,3
3434,2
3435,4
3436,4
3437,4
3438,3
3439,3
3440,4
3441,5
3442,3
3443,5
3444,4
3445,3
3447,3
3448,4
3449,4
3450,4
3452,3
3454,4
3455,3
3456,2
3457,4
3458,4
3459,3
3461,4
3463,2
3464,4
3465,4
3467,5
3468,3
3470,4
3471,3
3472,3
3473,5
3474,4
3475,3
3476,5
3477,4
3478,3
3481,3
3482,2
3483,5
3485,3
3486,4
3487,3
3489,5
3490,4
3492,4
3495,3
3496,4
3497,3
3498,5
3499,5
3501,4
3503,3
3504,3
3505,4
3506,4
3507,2
3508,3
3509,5
3510,3
3511,4
3512,3
3513,3
3514,4
3515,4
3516,3
3517,3
3518,5
3519,2
3520,5
3521,3
3522,4
3523,3
3525,3
3526,4
3528,3
3529,4
3530,4
3531,3
3532,4
3533,3
3534,5
3535,2
3536,4
3537,4
3538,4
3539,5
3540,5
3541,3
3544,5
3546,4
3548,3
3549,4
3550,4
3551,5
3552,3
3553,3
3554,3
3556,4
3557,3
3558,2
3559,4
3560,4
3561,5
3562,2
3563,2
3564,3
3565,3
3568,2
3569,4
3570,2
3571,3
3572,4
3573,4
3574,4
3576,4
3577,4
3578,4
3579,3
3581,4
3582,4
3583,5
3584,3
3586,4
3587,3
3588,2
3589,2
3590,3
3592,4
3595,3
3596,5
3598,3
3599,4
3600,4
3601,3
3602,2
3603,3
3604,5
3607,3
3608,4
3611,2
3612,5
3614,3
3615,4
3616,4
3617,2
3618,2
3620,3
3623,3
3624,4
3625,4
3626,5
3627,3
3629,4
3630,4
3631,4
3633,5
3634,2
3636,4
3637,1
3638,3
3640,5
3641,4
3642,5
3643,2
3644,5
3645,3
3646,4
3647,2
3649,3
3650,3
3654,4
3656,3
3657,5
3658,3
3660,3
3662,4
3663,3
3664,4
3665,3
3667,5
3669,4
3670,3
3671,3
3673,4
3674,5
3675,1
3676,4
3677,3
3678,4
3679,4
3680,2
3682,1
3683,2
3684,4
3685,3
3687,4
3688,3
3691,3
3692,4
3693,4
3694,3
3696,4
3698,2
3699,4
3700,4
3701,4
3702,4
3704,4
3705,3
3707,3
3709,3
3710,3
3711,3
3712,3
3714,2
3715,3
3716,3
3717,3
3718,4
3719,4
3720,3
3721,4
3722,1
3723,4
3725,3
3726,4
3727,2
3728,3
3729,3
3730,4
3731,3
3732,3
3733,4
3734,4
3735,4
3736,3
3737,3
3738,3
3739,2
3740,4
3741,3
3742,4
3743,3
3744,3
3745,4
3746,5
3747,4
3748,5
3749,4
3751,1
3752,3
3753,4
3755,3
3757,4
3758,4
3759,4
3760,3
3761,4
3762,2
3763,3
3767,3
3768,5
3769,3
3770,2
3771,5
3772,2
3774,1
3776,3
3777,3
3778,4
3781,3
3782,3
3783,2
3784,2
3786,3
3787,4
3789,3
3790,4
3791,4
3792,4
3793,2
3794,3
3795,5
3796,3
3797,4
3798,5
3799,3
3800,2
3802,2
3803,3
3804,3
3807,4
3809,5
3810,4
3811,3
3812,4
3813,4
3815,4
3816,5
3817,4
3818,4
3821,4
3823,4
3824,4
3825,3
3826,4
3827,3
3828,4
3829,5
3832,4
3833,4
3835,5
3836,3
3837,5
3838,4
3840,3
3841,3
3843,3
3844,4
3845,3
3846,3
3847,3
3848,2
3850,3
3851,5
3852,3
3853,2
3855,4
3856,3
3857,3
3859,1
3861,3
3862,3
3863,4
3864,3
3865,2
3866,4
3867,3
3868,3
3870,4
3871,4
3872,3
3875,3
3877,4
3879,4
3880,3
3881,2
3882,5
3883,3
3886,3
3887,3
3888,5
3891,4
3893,3
3894,3
3896,3
3898,2
3899,3
3900,4
3901,3
3902,4
3903,4
3904,3
3905,2
3906,4
3907,5
3909,3
3910,4
3911,3
3912,3
3914,2
3915,2
3916,2
3919,2
3920,4
3925,3
3926,4
3927,3
3929,4
3930,2
3933,4
3934,3
3935,2
3937,4
3940,3
3941,1
3942,3
3943,3
3944,3
3946,2
3947,4
3948,3
3950,4
3951,4
3952,4
3953,2
3954,2
3955,2
3956,2
3957,4
3959,1
3960,4
3961,2
3962,4
3963,4
3964,4
3966,4
3967,2
3968,4
3969,3
3970,4
3972,3
3973,4
3976,5
3977,3
3979,5
3980,4
3981,5
3982,3
3983,4
3984,3
3987,3
3988,3
3989,4
3990,3
3991,4
3994,2
3995,4
3996,5
3997,4
3998,2
3999,3
4001,4
4002,4
4003,3
4004,4
4005,3
4006,4
4007,4
4008,3
4009,2
4010,3
4011,5
4012,5
4013,3
4014,3
4015,5
4016,3
4018,3
4019,4
4020,3
4022,3
4023,2
4024,2
4025,3
4026,2
4028,5
4029,3
4030,3
4031,4
4032,4
4034,3
4035,2
4036,3
4037,4
4038,4
4039,3
4041,4
4044,3
4045,4
4046,5
4047,5
4049,4
4050,4
4051,4
4052,4
4054,4
4055,4
4058,4
4059,3
4060,4
4061,3
4062,4
4063,3
4065,4
4066,3
4068,2
4069,3
4070,5
4071,3
4072,3
4073,4
4074,4
4076,3
4078,4
4079,5
4080,5
4081,5
4082,4
4083,4
4084,2
4086,5
4087,4
4088,2
4089,2
4090,3
4091,3
4092,4
4094,4
4096,3
4097,3
4099,5
4101,5
4102,4
4103,1
4104,3
4105,4
4106,4
4108,4
4109,3
4110,4
4111,4
4112,4
4114,4
4115,5
4117,5
4118,2
4119,5
4121,2
4122,3
4123,4
4124,3
4125,5
4126,3
4127,4
4128,3
4129,4
4132,5
4133,4
4134,3
4135,5
4138,3
4139,4
4144,3
4147,3
4150,4
4154,4
4155,4
4156,1
4157,3
4158,4
4159,5
4160,5
4161,4
4162,2
4163,3
4164,3
4166,5
4168,4
4169,3
4170,4
4172,4
4173,3
4174,4
4175,3
4176,3
4177,2
4178,4
4180,3
4181,4
4182,3
4183,3
4184,4
4185,4
4186,4
4187,3
4190,3
4191,2
4192,4
4194,4
4196,3
4197,3
4198,5
4199,5
4200,4
4201,3
4202,3
4203,4
4205,4
4206,3
4207,5
4209,4
4210,2
4211,3
4212,4
4213,5
4214,4
4216,2
4217,4
4218,3
4219,4
4220,3
4221,5
4223,4
4224,5
4226,4
4228,4
4229,3
4231,4
4233,4
4237,3
4240,4
4241,3
4242,3
4243,4
4244,3
4245,4
4247,3
4248,5
4249,4
4250,4
4251,3
4252,5
4253,2
4254,5
4255,3
4256,4
4258,3
4259,3
4260,4
4262,2
4263,2
4264,4
4266,1
4267,3
4270,4
4271,4
4272,4
4273,2
4274,4
4275,3
4276,4
4277,3
4278,4
4279,4
4280,4
4281,5
4282,3
4283,4
4284,3
4285,5
4286,3
4287,3
4288,3
4289,1
4290,4
4291,3
4293,5
4294,3
4295,3
4296,3
4297,4
4298,3
4299,4
4301,3
4303,4
4304,3
4305,2
4307,4
4308,4
4309,4
4310,5
4311,2
4312,5
4313,4
4314,3
4316,4
4317,3
4318,5
4319,4
4320,4
4321,3
4322,4
4323,3
4324,5
4325,4
4326,3
4328,5
4329,3
4330,4
4331,5
4332,3
4333,4
4334,4
4336,3
4337,3
4338,3
4340,5
4341,4
4342,4
4344,5
4345,5
4346,5
4347,4
4349,4
4350,5
4351,3
4353,5
4357,3
4358,3
4359,3
4360,5
4362,5
4363,3
4364,3
4366,3
4367,5
4370,3
4371,2
4373,3
4374,2
4376,3
4378,3
4379,3
4383,3
4385,3
4386,3
4387,4
4388,2
4389,2
4391,5
4392,2
4393,4
4394,3
4395,2
4397,3
4398,5
4399,3
4400,3
4401,5
4403,5
4404,2
4405,2
4406,3
4407,5
4408,3
4410,3
4411,4
4412,4
4413,4
4414,4
4415,4
4416,4
4417,4
4418,3
4419,2
4420,4
4421,3
4422,4
4424,3
4425,5
4427,4
4428,4
4429,4
4430,4
4431,1
4432,4
4433,3
4434,5
4435,5
4436,3
4437,4
4438,4
4439,5
4441,4
4442,3
4444,5
4445,4
4448,4
4449,5
4450,2
4451,3
4452,3
4453,5
4455,2
4456,4
4457,4
4459,2
4460,1
4461,3
4463,4
4466,4
4467,3
4468,5
4469,3
4471,4
4472,3
4473,2
4474,4
4475,4
4476,5
4477,3
4478,3
4479,5
4480,5
4481,4
4482,4
4483,4
4484,4
4485,3
4486,4
4487,3
4488,2
4490,4
4493,3
4494,5
4495,3
4497,5
4499,4
4500,3
4501,4
4503,4
4504,4
4505,3
4506,3
4507,4
4508,3
4509,4
4510,2
4511,3
4514,4
4515,3
4516,4
4517,5
4518,2
4519,4
4520,2
4521,3
4522,2
4524,2
4525,4
4526,3
4527,4
4528,1
4529,4
4530,4
4531,4
4532,2
4533,3
4534,4
4535,4
4537,2
4538,4
4540,4
4541,4
4542,2
4543,4
4544,4
4545,4
4546,2
4547,3
4548,5
4549,4
4550,4
4552,4
4553,3
4554,2
4555,3
4557,4
4558,2
4559,2
4560,5
4562,4
4564,4
4565,3
4566,3
4568,3
4569,2
4571,3
4572,4
4573,5
4575,4
4576,3
4577,4
4578,3
4579,2
4581,4
4582,2
4583,4
4584,3
4585,3
4587,4
4588,5
4589,2
4592,3
4594,3
4595,3
4597,4
4599,4
4600,3
4601,5
4602,3
4603,3
4604,4
4605,5
4606,4
4607,3
4608,5
4609,3
4610,5
4611,2
4612,5
4613,2
4614,4
4618,4
4619,3
4621,2
4622,4
4623,4
4625,2
4626,1
4627,5
4630,3
4632,3
4634,3
4635,5
4639,4
4640,3
4641,2
4642,5
4644,3
4645,4
4646,4
4647,4
4648,4
4649,2
4650,4
4651,4
4652,2
4654,5
4655,4
4657,2
4658,2
4659,4
4661,2
4662,5
4663,4
4664,3
4665,5
4666,1
4670,4
4671,4
4673,3
4675,3
4676,3
4677,4
4681,1
4682,3
4683,5
4684,4
4686,4
4687,3
4689,3
4690,3
4692,4
4693,3
4695,4
4696,5
4698,3
4699,5
4700,5
4702,4
4703,2
4704,3
4705,3
4706,3
4707,3
4709,3
4710,5
4711,3
4713,3
4714,4
4715,2
4716,3
4718,3
4719,3
4720,3
4721,2
4722,4
4723,4
4724,4
4725,3
4726,2
4728,4
4729,3
4730,4
4732,1
4733,4
4734,4
4735,4
4736,1
4737,5
4738,3
4740,3
4741,3
4742,3
4743,4
4744,4
4745,5
4746,3
4747,4
4748,4
4749,4
4750,3
4751,4
4754,2
4755,4
4756,4
4757,4
4758,2
4761,4
4762,4
4766,2
4767,3
4768,3
4770,4
4772,5
4773,3
4775,3
4777,5
4778,3
4779,3
4780,1
4781,3
4783,4
4784,5
4785,4
4786,3
4787,4
4788,4
4789,3
4790,2
4791,3
4792,2
4796,1
4797,4
4798,3
4799,3
4800,5
4801,4
4802,3
4803,5
4804,3
4805,3
4808,5
4809,2
4810,3
4813,3
4815,3
4816,3
4817,4
4818,2
4820,4
4821,3
4823,3
4825,4
4826,1
4828,4
4829,4
4830,4
4831,5
4832,4
4833,4
4834,4
4840,3
4841,3
4842,4
4843,4
4844,4
4846,2
4850,4
4851,4
4852,4
4853,3
4854,3
4855,4
4856,3
4857,4
4860,3
4861,5
4862,2
4863,5
4864,3
4865,5
4867,3
4868,5
4869,4
4870,3
4871,5
4872,5
4873,3
4874,4
4875,3
4877,2
4878,3
4879,4
4880,5
4881,3
4883,3
4885,4
4886,3
4887,4
4888,4
4890,4
4891,3
4892,5
4893,4
4895,2
4896,3
4897,4
4898,4
4899,4
4900,4
4902,2
4903,4
4907,4
4910,3
4912,4
4914,2
4915,3
4916,3
4918,4
4919,4
4920,2
4921,2
4922,3
4923,5
4924,4
4925,4
4926,3
4927,5
4928,5
4929,2
4930,3
4931,3
4935,3
4936,3
4938,3
4939,4
4941,4
4944,3
4946,5
4947,5
4948,4
4950,3
4953,3
4954,3
4955,3
4957,1
4958,3
4960,3
4961,3
4962,4
4964,4
4965,5
4966,4
4967,2
4968,3
4969,4
4970,2
4971,5
4972,3
4973,2
4974,3
4975,3
4977,5
4978,3
4979,3
4980,4
4981,4
4982,3
4984,5
4985,3
4986,5
4987,4
4989,4
4991,3
4992,3
4993,3
4996,3
4997,5
4998,5
4999,4
5000,4
5002,4
5003,4
5004,2
5005,3
5006,3
5007,2
5008,3
5009,3
5010,4
5011,5
5012,3
5014,4
5015,2
5016,1
5017,4
5018,4
5019,1
5020,2
5022,5
5023,4
5024,5
5026,5
5027,1
5028,2
5029,3
5030,2
5032,4
5033,4
5034,3
5036,4
5037,4
5039,5
5040,5
5042,5
5043,3
5044,4
5045,5
5046,4
5048,3
5049,3
5050,5
5051,3
5052,4
5053,3
5054,4
5056,4
5057,3
5059,3
5060,4
5061,3
5062,4
5063,5
5064,3
5067,4
5068,4
5069,4
5071,3
5072,3
5075,5
5077,4
5078,3
5079,2
5080,4
5081,3
5082,3
5083,4
5084,5
5085,4
5086,3
5087,3
5088,2
5089,5
5090,3
5091,3
5092,3
5093,4
5094,3
5095,2
5097,4
5098,4
5099,5
5100,4
5102,3
5103,4
5104,4
5106,3
5107,3
5108,4
5110,2
5111,4
5112,4
5113,3
5114,4
5115,2
5116,4
5117,2
5118,4
5119,3
5120,4
5122,3
5123,4
5124,3
5125,3
5126,4
5127,3
5128,4
5129,3
5130,3
5132,4
5133,3
5135,3
5137,3
5138,3
5139,3
5140,4
5141,3
5142,5
5143,4
5144,4
5145,4
5148,3
5149,4
5150,3
5153,4
5154,4
5155,3
5156,2
5157,4
5158,3
5159,3
5160,3
5161,4
5162,2
5163,2
5164,4
5165,4
5166,3
5168,2
5171,3
5174,3
5175,1
5176,3
5177,3
5178,3
5180,2
5181,3
5182,3
5183,3
5184,5
5185,3
5186,4
5187,4
5188,3
5189,3
5190,5
5191,4
5192,4
5193,5
5195,3
5196,5
5197,5
5198,4
5199,5
5200,3
5201,5
5202,3
5203,5
5205,2
5207,4
5208,3
5213,4
5214,4
5215,3
5216,4
5217,4
5219,3
5220,3
5222,3
5223,4
5226,3
5227,4
5228,4
5229,3
5230,3
5231,3
5232,5
5234,4
5235,3
5236,4
5238,4
5239,3
5240,2
5241,4
5243,3
5244,5
5247,4
5248,4
5249,2
5250,2
5253,2
5254,5
5255,5
5256,2
5257,3
5258,4
5259,4
5260,4
5262,5
5264,3
5265,5
5266,3
5268,3
5269,4
5270,4
5272,3
5273,4
5274,4
5275,5
5277,3
5278,4
5279,2
5280,4
5282,3
5283,5
5284,4
5285,5
5286,3
5287,4
5289,3
5290,5
5291,4
5292,3
5293,3
5294,2
5296,4
5297,5
5298,3
5299,3
5301,4
5302,2
5303,4
5304,3
5305,3
5306,3
5307,4
5310,5
5311,1
5312,2
5313,5
5314,4
5315,4
5316,2
5317,3
5318,3
5320,3
5321,3
5322,3
5323,3
5325,4
5326,4
5327,4
5328,3
5329,4
5331,3
5333,4
5334,4
5335,3
5336,5
5337,4
5338,3
5339,4
5342,3
5343,3
5346,4
5347,4
5348,3
5351,4
5352,2
5353,5
5354,4
5356,4
5357,3
5358,4
5359,4
5360,3
5362,3
5363,2
5365,3
5366,4
5369,4
5371,4
5372,2
5374,2
5375,5
5376,4
5377,3
5378,3
5379,4
5380,4
5381,4
5382,5
5383,4
5385,4
5389,5
5391,4
5392,3
5395,1
5396,4
5397,4
5398,5
5399,4
5400,3
5401,4
5402,3
5403,3
5404,2
5405,3
5406,4
5407,5
5408,3
5411,2
5412,3
5413,5
5414,3
5415,3
5416,4
5417,5
5418,1
5419,3
5420,3
5421,4
5422,3
5424,4
5425,2
5427,4
5428,3
5429,2
5431,3
5432,2
5434,5
5435,3
5436,4
5437,5
5438,2
5439,4
5440,3
5442,5
5443,3
5445,4
5446,4
5447,5
5448,4
5450,3
5451,2
5452,5
5453,4
5454,4
5455,5
5456,3
5457,3
5458,5
5459,5
5460,3
5461,5
5462,3
5466,5
5467,2
5468,4
5469,3
5470,3
5471,3
5473,3
5474,5
5475,4
5476,3
5477,4
5479,5
5480,5
5481,5
5482,3
5483,5
5485,4
5486,5
5488,3
5489,5
5491,4
5492,3
5497,3
5498,4
5499,2
5500,4
5501,3
5506,3
5507,5
5508,5
5509,4
5511,3
5512,3
5514,5
5515,4
5516,3
5517,5
5521,3
5522,3
5523,2
5525,4
5526,2
5527,4
5528,4
5530,4
5532,3
5533,3
5535,3
5536,3
5537,3
5538,2
5539,3
5540,2
5541,5
5543,4
5544,3
5545,4
5546,4
5548,3
5549,4
5550,3
5551,4
5552,4
5553,4
5554,3
5555,4
5556,5
5557,4
5559,3
5561,5
5562,4
5565,4
5566,3
5567,4
5568,3
5569,3
5571,3
5572,4
5573,4
5574,5
5577,3
5578,4
5579,3
5580,4
5581,3
5582,4
5583,3
5584,4
5585,3
5586,3
5587,3
5588,3
5589,4
5590,3
5592,4
5593,4
5594,4
5595,2
5596,4
5597,4
5598,3
5599,4
5600,4
5601,3
5602,5
5603,4
5604,4
5606,4
5608,2
5610,4
5612,4
5613,4
5614,3
5615,2
5616,3
5617,5
5618,4
5620,4
5622,2
5625,3
5626,4
5627,4
5628,3
5629,4
5630,3
5632,3
5633,4
5634,4
5635,5
5636,4
5637,4
5638,5
5639,4
5640,2
5641,2
5642,4
5644,3
5645,2
5646,3
5647,2
5649,5
5652,4
5653,3
5654,4
5657,5
5658,3
5659,5
5660,5
5663,4
5664,5
5665,5
5666,3
5667,4
5668,4
5671,4
5672,5
5673,4
5674,3
5675,3
5676,4
5677,4
5678,5
5679,2
5684,5
5685,2
5686,3
5687,2
5688,4
5689,5
5690,4
5691,3
5693,2
5694,4
5697,3
5698,4
5699,3
5700,2
5701,3
5702,3
5703,3
5704,3
5706,4
5707,3
5708,4
5710,3
5711,4
5712,4
5713,4
5714,3
5715,4
5717,3
5719,4
5720,3
5722,1
5723,4
5724,4
5725,5
5727,4
5729,4
5730,2
5731,2
5732,5
5734,3
5735,4
5736,3
5738,4
5739,4
5741,3
5742,4
5743,2
5746,3
5747,2
5748,3
5749,3
5751,4
5752,5
5754,1
5756,4
5757,3
5758,5
5760,3
5761,3
5762,2
5764,3
5765,3
5766,4
5767,5
5768,3
5770,3
5771,5
5773,2
5774,5
5775,2
5776,4
5778,4
5779,4
5780,4
5781,4
5782,3
5783,3
5785,5
5786,4
5787,4
5788,4
5789,2
5790,4
5791,3
5792,4
5793,4
5794,3
5795,4
5796,3
5797,3
5798,3
5800,3
5801,2
5803,5
5804,5
5805,4
5806,3
5808,5
5809,4
5810,4
5813,4
5814,3
5816,3
5817,3
5818,3
5819,5
5820,3
5823,2
5824,5
5825,4
5827,3
5828,3
5829,3
5830,5
5831,4
5832,3
5834,3
5835,4
5837,4
5838,2
5839,3
5840,5
5841,4
5843,4
5845,4
5846,1
5849,3
5850,3
5851,4
5852,3
5853,2
5855,4
5856,1
5858,3
5859,3
5860,3
5861,4
5862,3
5863,3
5865,3
5866,2
5867,2
5868,4
5870,3
5871,2
5873,4
5876,3
5877,4
5878,3
5881,4
5882,2
5883,3
5884,4
5885,4
5886,5
5887,3
5888,4
5889,4
5890,4
5891,4
5892,4
5893,1
5894,3
5895,4
5896,4
5897,4
5899,2
5900,4
5901,4
5902,5
5903,5
5904,5
5905,5
5906,3
5907,5
5908,4
5909,5
5910,3
5911,3
5912,3
5913,4
5914,4
5916,3
5917,4
5918,2
5919,4
5920,4
5921,3
5923,4
5925,5
5926,4
5927,5
5928,4
5929,4
5930,3
5931,4
5932,4
5933,5
5934,4
5935,3
5936,3
5937,5
5938,5
5939,5
5940,3
5941,2
5942,5
5943,5
5944,3
5947,3
5948,2
5949,5
5950,3
5951,4
5953,4
5954,4
5957,5
5960,4
5961,3
5962,4
5964,5
5965,2
5967,4
5968,5
5969,4
5970,4
5971,5
5972,4
5973,4
5976,3
5977,1
5978,2
5979,5
5980,4
5981,3
5984,3
5986,4
5989,4
5990,3
5991,2
5992,4
5993,2
5994,5
5995,4
5999,5
6000,5
6002,4
6003,4
6004,4
6005,2
6006,5
6007,4
6008,3
6010,2
6011,3
6012,2
6013,4
6014,3
6017,4
6019,4
6020,3
6021,4
6022,5
6023,3
6025,4
6026,3
6027,5
6030,4
6031,3
6032,4
6033,3
6034,2
6035,3
6036,4
6039,3
6041,3
6045,3
6046,4
6048,4
6049,2
6051,3
6052,3
6054,4
6055,5
6056,3
6057,5
6058,2
6059,5
6060,2
6062,3
6063,4
6064,3
6065,4
6067,3
6068,3
6069,4
6070,2
6071,2
6073,3
6074,4
6075,2
6076,4
6077,4
6079,4
6080,4
6082,4
6083,4
6084,3
6085,4
6086,5
6088,3
6089,3
6090,1
6092,4
6093,4
6094,4
6095,4
6096,3
6097,3
6098,4
6099,4
6100,2
6101,2
6102,3
6104,3
6105,2
6106,4
6107,3
6109,4
6110,3
6111,4
6112,3
6113,3
6114,4
6116,4
6118,3
6120,3
6121,2
6122,5
6123,3
6125,3
6130,4
6131,3
6132,5
6133,3
6134,5
6136,4
6137,3
6138,2
6140,2
6141,5
6143,2
6144,4
6146,5
6147,5
6148,4
6149,5
6150,5
6152,4
6153,5
6154,3
6157,3
6158,3
6159,5
6160,3
6162,4
6163,3
6164,3
6165,3
6166,3
6167,5
6169,1
6171,4
6172,3
6173,3
6175,4
6176,5
6177,2
6178,5
6179,3
6180,4
6181,3
6182,3
6183,5
6184,3
6185,3
6186,3
6187,3
6188,3
6189,2
6191,2
6192,4
6193,4
6195,3
6196,3
6197,4
6198,4
6199,5
6200,3
6201,5
6202,5
6203,4
6204,4
6205,4
6206,3
6207,4
6212,2
6213,4
6215,1
6217,3
6219,3
6220,4
6222,5
6223,5
6224,3
6225,3
6227,3
6228,3
6229,5
6231,5
6233,4
6235,3
6237,5
6238,4
6239,5
6240,1
6242,4
6243,3
6244,3
6245,4
6246,4
6247,4
6248,3
6249,3
6250,4
6252,3
6253,4
6254,4
6255,2
6256,2
6257,4
6258,4
6260,4
6261,5
6262,4
6263,1
6264,5
6265,5
6268,5
6269,2
6271,4
6272,4
6273,4
6276,4
6278,4
6280,2
6281,4
6283,4
6285,3
6286,3
6287,3
6288,4
6289,4
6290,4
6291,3
6292,5
6293,4
6294,4
6296,4
6297,4
6298,3
6301,4
6302,3
6303,2
6304,5
6305,4
6306,5
6307,4
6308,5
6309,4
6310,4
6312,4
6313,5
6314,3
6315,3
6316,5
6317,3
6318,4
6319,3
6320,3
6321,4
6322,5
6325,3
6327,3
6328,3
6329,5
6330,4
6331,3
6332,4
6333,3
6334,4
6335,4
6336,4
6338,4
6341,5
6342,4
6343,4
6344,2
6345,3
6346,4
6347,3
6348,3
6349,5
6350,3
6352,4
6353,3
6354,4
6355,3
6356,4
6358,3
6361,3
6362,3
6365,4
6366,2
6367,3
6368,3
6369,4
6370,4
6372,4
6373,2
6374,4
6375,3
6376,3
6377,4
6378,4
6380,3
6382,3
6384,3
6385,4
6386,3
6387,2
6388,4
6389,3
6390,2
6392,4
6393,5
6394,1
6395,4
6396,3
6397,3
6400,4
6401,5
6402,3
6403,4
6404,4
6405,2
6406,3
6407,4
6408,4
6409,3
6410,3
6411,2
6412,3
6413,5
6416,4
6417,4
6418,5
6419,4
6420,3
6422,4
6424,5
6425,4
6426,3
6430,2
6432,4
6434,3
6435,3
6436,2
6437,4
6438,5
6439,5
6440,3
6441,3
6442,4
6443,3
6444,3
6445,3
6446,4
6447,3
6448,4
6450,4
6451,3
6452,2
6455,3
6457,3
6459,4
6460,3
6461,3
6462,5
6463,3
6465,4
6466,2
6467,3
6468,2
6469,4
6471,4
6472,3
6474,5
6475,2
6476,5
6477,3
6478,3
6480,4
6482,4
6483,3
6484,3
6487,3
6488,4
6490,4
6492,4
6493,4
6495,4
6496,3
6498,3
6499,4
