job_id,case_id,reviewer_id,label,review_seconds,rubric_version,adjudicated
1,3067,15,major_issue,80,r2.0,0
2,1520,45,major_issue,302,r2.1,0
3,2760,34,minor_issue,202,r2.1,0
4,8,18,minor_issue,258,r2.1,1
5,2361,36,minor_issue,223,r2.0,0
6,1285,31,unsafe,374,r2.1,0
7,954,19,unsafe,147,r2.0,1
8,3663,34,major_issue,443,r2.1,1
9,1520,45,major_issue,248,r2.0,0
10,2336,45,minor_issue,180,r2.0,0
11,3996,8,minor_issue,375,r2.1,0
12,884,10,pass,351,r2.0,0
13,2044,32,pass,275,r2.1,0
14,2263,10,pass,291,r2.0,0
15,1361,1,minor_issue,374,r2.0,0
16,3994,4,major_issue,302,r2.1,0
17,3961,32,minor_issue,78,r2.1,0
18,1357,45,pass,170,r2.0,0
19,1670,10,pass,441,r2.0,0
20,3172,38,minor_issue,114,r2.1,0
21,944,9,pass,175,r2.1,0
22,1385,21,pass,225,r2.0,1
23,464,27,minor_issue,471,r2.1,1
24,3633,9,unsafe,167,r2.1,0
25,1128,29,major_issue,378,r2.1,0
26,2168,31,unsafe,67,r2.1,0
27,1920,38,minor_issue,63,r2.1,0
28,1271,43,unsafe,449,r2.0,0
29,3174,34,major_issue,444,r2.1,0
30,2238,37,minor_issue,33,r2.0,1
31,3198,23,pass,36,r2.1,0
32,1181,18,minor_issue,140,r2.1,0
33,482,21,unsafe,461,r2.0,0
34,2932,20,minor_issue,363,r2.1,1
35,1310,11,pass,76,r2.0,0
36,2450,27,pass,260,r2.0,1
37,2505,27,pass,31,r2.1,0
38,3708,28,minor_issue,170,r2.0,0
39,3569,21,minor_issue,83,r2.1,0
40,1686,11,unsafe,475,r2.0,0
41,2843,35,unsafe,109,r2.0,0
42,74,5,major_issue,414,r2.1,0
43,2790,43,major_issue,391,r2.0,0
44,338,21,minor_issue,90,r2.0,1
45,974,14,unsafe,255,r2.1,0
46,760,10,unsafe,388,r2.0,0
47,2212,35,unsafe,97,r2.0,0
48,2613,4,unsafe,276,r2.0,0
49,1831,25,minor_issue,456,r2.1,0
50,3782,9,pass,334,r2.0,0
51,2707,13,major_issue,201,r2.1,0
52,994,20,major_issue,130,r2.1,1
53,277,16,minor_issue,242,r2.1,1
54,32,7,unsafe,36,r2.0,0
55,1599,37,unsafe,139,r2.1,0
56,3121,13,major_issue,71,r2.0,0
57,1148,2,major_issue,64,r2.0,0
58,2080,2,unsafe,51,r2.1,1
59,2302,44,minor_issue,386,r2.1,0
60,675,17,pass,256,r2.1,0
61,1218,3,pass,336,r2.1,0
62,546,6,pass,324,r2.0,0
63,3732,27,unsafe,99,r2.0,1
64,3474,41,unsafe,347,r2.1,0
65,1602,13,major_issue,418,r2.0,0
66,3690,12,pass,325,r2.1,1
67,2313,44,minor_issue,121,r2.1,0
68,359,12,pass,260,r2.0,0
69,3785,16,major_issue,269,r2.1,0
70,3736,33,unsafe,180,r2.0,0
71,1282,37,major_issue,113,r2.1,0
72,905,1,unsafe,294,r2.1,0
73,717,9,pass,55,r2.0,0
74,447,40,minor_issue,157,r2.1,0
75,1428,20,unsafe,149,r2.0,0
76,1747,25,major_issue,183,r2.1,0
77,305,30,minor_issue,259,r2.1,0
78,1070,44,minor_issue,117,r2.1,1
79,506,8,minor_issue,40,r2.0,0
80,2430,14,minor_issue,308,r2.0,0
81,8,45,major_issue,426,r2.1,0
82,3928,21,minor_issue,109,r2.1,0
83,2820,14,major_issue,250,r2.0,0
84,3524,41,minor_issue,434,r2.1,0
85,162,34,minor_issue,100,r2.1,1
86,3032,39,major_issue,456,r2.1,0
87,2269,26,major_issue,474,r2.1,1
88,2587,23,unsafe,304,r2.1,0
89,1697,8,major_issue,88,r2.0,0
90,1453,45,minor_issue,402,r2.1,0
91,3561,36,unsafe,210,r2.0,1
92,3543,28,major_issue,315,r2.1,0
93,2146,43,minor_issue,72,r2.1,0
94,3179,17,major_issue,159,r2.0,1
95,1908,4,unsafe,455,r2.1,0
96,308,30,major_issue,442,r2.0,0
97,128,31,major_issue,177,r2.1,0
98,3824,6,minor_issue,236,r2.1,1
99,2970,36,pass,148,r2.1,0
100,633,37,pass,455,r2.1,1
101,914,20,pass,373,r2.0,0
102,1891,20,minor_issue,66,r2.0,0
103,336,40,unsafe,183,r2.0,0
104,762,44,unsafe,356,r2.0,0
105,495,5,pass,176,r2.0,0
106,2844,20,unsafe,180,r2.0,1
107,1771,1,pass,265,r2.0,0
108,1263,32,unsafe,435,r2.0,0
109,1071,32,major_issue,369,r2.0,0
110,3614,25,unsafe,142,r2.1,0
111,2223,9,major_issue,25,r2.0,0
112,1299,17,minor_issue,128,r2.0,1
113,3470,31,pass,332,r2.0,0
114,1364,5,major_issue,386,r2.1,1
115,2798,5,minor_issue,316,r2.1,0
116,1818,32,major_issue,74,r2.1,0
117,2259,30,major_issue,274,r2.0,1
118,3365,13,unsafe,140,r2.1,0
119,2426,5,pass,104,r2.0,0
120,590,43,pass,223,r2.0,0
121,982,20,pass,448,r2.0,0
122,2511,41,pass,48,r2.0,0
123,2998,22,unsafe,372,r2.0,0
124,1233,16,major_issue,76,r2.0,1
125,1282,33,minor_issue,356,r2.1,1
126,3021,41,minor_issue,236,r2.1,0
127,114,6,minor_issue,199,r2.1,0
128,2610,16,major_issue,135,r2.1,0
129,2077,6,pass,251,r2.0,0
130,2217,34,unsafe,153,r2.0,0
131,3289,17,major_issue,268,r2.1,0
132,155,20,minor_issue,209,r2.0,0
133,1657,4,minor_issue,31,r2.1,0
134,3264,28,major_issue,417,r2.0,1
135,1283,6,unsafe,404,r2.1,0
136,2431,31,pass,90,r2.0,0
137,353,25,minor_issue,402,r2.0,1
138,1845,36,pass,117,r2.0,1
139,2448,1,unsafe,398,r2.1,1
140,3529,28,pass,255,r2.0,1
141,2536,43,unsafe,166,r2.0,0
142,2789,2,major_issue,210,r2.0,0
143,3874,36,unsafe,243,r2.0,0
144,804,27,unsafe,461,r2.0,0
145,291,8,pass,124,r2.0,0
146,2603,39,minor_issue,395,r2.1,0
147,3506,23,major_issue,289,r2.0,1
148,1763,4,pass,212,r2.0,1
149,1309,37,pass,400,r2.1,0
150,2548,31,unsafe,264,r2.0,0
151,3720,17,pass,163,r2.0,0
152,3575,1,pass,134,r2.0,0
153,1274,37,minor_issue,369,r2.1,0
154,1116,31,pass,167,r2.1,0
155,2184,1,major_issue,319,r2.0,0
156,2150,44,minor_issue,249,r2.1,0
157,2966,8,major_issue,364,r2.0,1
158,2148,30,minor_issue,217,r2.0,0
159,1959,41,major_issue,101,r2.1,1
160,119,26,minor_issue,282,r2.1,0
161,3934,18,minor_issue,320,r2.0,1
162,1009,20,pass,192,r2.0,0
163,462,29,major_issue,55,r2.1,0
164,3695,6,minor_issue,212,r2.0,0
165,358,5,pass,216,r2.1,1
166,1700,39,pass,366,r2.1,0
167,2698,23,major_issue,303,r2.1,0
168,2458,43,minor_issue,380,r2.1,0
169,1428,8,minor_issue,439,r2.0,0
170,298,21,major_issue,96,r2.1,0
171,2580,18,pass,303,r2.1,0
172,1214,2,pass,241,r2.1,0
173,2451,18,unsafe,193,r2.1,0
174,2516,7,unsafe,273,r2.0,0
175,2511,29,minor_issue,387,r2.0,1
176,588,22,major_issue,393,r2.0,0
177,1604,24,minor_issue,42,r2.1,0
178,2947,15,major_issue,115,r2.0,0
179,3398,24,minor_issue,85,r2.1,1
180,1919,20,major_issue,411,r2.1,0
181,1192,42,minor_issue,372,r2.1,0
182,1220,7,major_issue,336,r2.1,0
183,420,36,major_issue,453,r2.1,0
184,850,40,pass,124,r2.0,0
185,1737,15,pass,199,r2.1,0
186,2442,20,unsafe,73,r2.1,1
187,2648,7,minor_issue,122,r2.1,0
188,1046,32,unsafe,281,r2.0,0
189,49,30,major_issue,301,r2.1,1
190,2884,15,minor_issue,364,r2.1,1
191,1508,36,minor_issue,66,r2.1,0
192,1900,30,major_issue,466,r2.1,1
193,1857,1,minor_issue,282,r2.0,0
194,3142,6,minor_issue,38,r2.1,1
195,1125,20,unsafe,29,r2.1,0
196,1754,6,pass,433,r2.1,0
197,2626,8,major_issue,368,r2.0,0
198,1829,41,unsafe,267,r2.0,0
199,2870,38,major_issue,330,r2.1,0
200,793,15,minor_issue,40,r2.1,0
201,562,27,minor_issue,87,r2.1,0
202,2268,4,pass,124,r2.1,0
203,1018,30,pass,211,r2.1,0
204,1574,42,minor_issue,233,r2.1,0
205,1955,42,unsafe,119,r2.1,0
206,2536,5,unsafe,168,r2.1,0
207,3089,24,minor_issue,377,r2.1,0
208,1485,44,major_issue,49,r2.0,0
209,1976,2,major_issue,398,r2.1,0
210,279,32,major_issue,172,r2.1,0
211,2218,26,major_issue,207,r2.0,0
212,620,6,minor_issue,69,r2.1,1
213,19,14,minor_issue,190,r2.0,0
214,2959,3,minor_issue,329,r2.0,0
215,1374,17,unsafe,410,r2.0,0
216,185,34,major_issue,48,r2.0,0
217,1684,44,minor_issue,374,r2.1,0
218,1189,38,unsafe,306,r2.1,0
219,1126,7,minor_issue,430,r2.0,0
220,3591,32,minor_issue,448,r2.0,1
221,3497,37,minor_issue,234,r2.1,0
222,162,18,pass,190,r2.0,0
223,3167,39,major_issue,436,r2.1,0
224,1842,26,minor_issue,406,r2.1,0
225,268,27,unsafe,440,r2.1,0
226,3085,42,pass,138,r2.1,0
227,1166,14,pass,464,r2.0,0
228,3363,29,pass,435,r2.0,0
229,1421,5,minor_issue,169,r2.0,0
230,2376,13,major_issue,335,r2.1,0
231,770,21,pass,474,r2.1,0
232,872,31,minor_issue,185,r2.0,0
233,878,29,pass,462,r2.0,0
234,17,39,minor_issue,109,r2.1,0
235,2323,27,unsafe,209,r2.1,0
236,1426,16,major_issue,229,r2.1,0
237,3055,4,major_issue,62,r2.0,0
238,3195,41,pass,385,r2.0,0
239,2669,35,unsafe,443,r2.1,0
240,3978,6,pass,463,r2.0,0
241,3287,16,major_issue,477,r2.0,0
242,539,4,unsafe,452,r2.0,1
243,2320,30,unsafe,273,r2.1,0
244,471,11,minor_issue,155,r2.1,0
245,2716,38,major_issue,469,r2.1,0
246,1143,7,pass,32,r2.0,1
247,122,33,unsafe,82,r2.0,0
248,791,5,pass,298,r2.0,0
249,422,35,pass,183,r2.0,1
250,51,32,major_issue,110,r2.0,0
251,2190,29,major_issue,386,r2.1,0
252,646,28,pass,77,r2.0,0
253,3653,20,major_issue,171,r2.0,1
254,202,15,unsafe,94,r2.0,0
255,2833,31,major_issue,266,r2.1,0
256,1866,2,unsafe,94,r2.1,0
257,2974,20,unsafe,329,r2.0,0
258,2038,29,minor_issue,325,r2.0,0
259,1413,19,minor_issue,304,r2.0,1
260,378,1,pass,121,r2.1,0
261,2023,14,minor_issue,309,r2.1,0
262,1391,23,pass,340,r2.0,0
263,1089,35,major_issue,311,r2.0,0
264,2335,5,pass,286,r2.0,0
265,3881,31,unsafe,381,r2.1,0
266,2940,40,major_issue,314,r2.1,0
267,3134,38,pass,194,r2.0,0
268,2960,28,pass,408,r2.1,0
269,155,10,major_issue,466,r2.1,0
270,2034,41,unsafe,307,r2.0,1
271,152,23,pass,197,r2.0,0
272,36,5,pass,248,r2.0,1
273,2701,35,major_issue,184,r2.0,0
274,3795,31,pass,361,r2.0,0
275,3999,9,unsafe,66,r2.0,0
276,2446,29,unsafe,284,r2.0,0
277,2977,45,major_issue,300,r2.0,0
278,280,32,major_issue,437,r2.0,0
279,1170,6,unsafe,197,r2.1,0
280,621,9,pass,431,r2.1,0
281,2740,41,minor_issue,225,r2.0,0
282,3172,42,unsafe,151,r2.1,0
283,2166,26,unsafe,338,r2.0,0
284,1818,20,unsafe,143,r2.1,0
285,837,43,unsafe,289,r2.1,0
286,2792,12,unsafe,271,r2.1,0
287,2870,24,minor_issue,349,r2.1,1
288,2219,21,unsafe,100,r2.1,1
289,1801,13,minor_issue,344,r2.0,0
290,809,20,minor_issue,170,r2.0,0
291,189,1,major_issue,402,r2.1,0
292,453,18,pass,107,r2.1,0
293,3970,42,unsafe,126,r2.1,1
294,1160,35,major_issue,381,r2.1,0
295,1974,37,pass,123,r2.0,0
296,3131,4,unsafe,193,r2.0,1
297,3435,1,unsafe,279,r2.0,0
298,3934,12,major_issue,31,r2.1,0
299,3037,26,major_issue,94,r2.1,0
300,1319,15,major_issue,431,r2.0,0
301,1316,41,minor_issue,291,r2.1,0
302,276,35,unsafe,87,r2.0,1
303,1735,7,minor_issue,428,r2.0,0
304,78,9,unsafe,269,r2.0,0
305,2142,10,unsafe,96,r2.0,0
306,3834,12,minor_issue,97,r2.0,1
307,3714,17,minor_issue,30,r2.0,0
308,1677,38,pass,396,r2.0,0
309,51,26,pass,320,r2.0,0
310,881,14,pass,334,r2.0,0
311,2294,10,major_issue,257,r2.0,1
312,1925,7,unsafe,322,r2.0,0
313,1734,1,major_issue,101,r2.1,1
314,1099,40,pass,240,r2.1,1
315,995,41,major_issue,266,r2.0,1
316,2685,31,pass,280,r2.1,0
317,1514,4,unsafe,365,r2.0,0
318,3637,12,pass,228,r2.0,0
319,596,44,pass,311,r2.1,0
320,2055,18,unsafe,218,r2.0,1
321,353,3,unsafe,328,r2.1,0
322,1480,7,major_issue,172,r2.1,0
323,3906,29,pass,254,r2.0,0
324,1649,7,unsafe,437,r2.0,0
325,3217,44,pass,192,r2.1,1
326,3190,15,unsafe,294,r2.1,0
327,2203,7,minor_issue,54,r2.0,0
328,2647,15,minor_issue,123,r2.1,0
329,3629,6,minor_issue,458,r2.1,0
330,3584,37,pass,406,r2.0,0
331,2438,20,major_issue,156,r2.0,0
332,700,37,pass,230,r2.0,0
333,3413,26,unsafe,206,r2.1,0
334,3783,19,pass,427,r2.0,0
335,303,24,major_issue,153,r2.1,0
336,192,43,pass,140,r2.0,0
337,3514,40,pass,246,r2.0,0
338,1100,27,major_issue,225,r2.0,0
339,1950,21,unsafe,280,r2.1,0
340,2281,9,minor_issue,386,r2.0,0
341,1817,22,pass,38,r2.1,0
342,1335,13,major_issue,307,r2.0,0
343,131,19,minor_issue,46,r2.0,0
344,2166,17,minor_issue,197,r2.0,0
345,240,36,major_issue,408,r2.1,0
346,3022,28,major_issue,414,r2.1,0
347,2597,8,major_issue,284,r2.1,1
348,1620,18,pass,254,r2.0,0
349,2149,39,major_issue,68,r2.0,0
350,3000,6,minor_issue,415,r2.0,1
351,1394,29,major_issue,92,r2.0,0
352,63,23,unsafe,317,r2.1,0
353,2203,6,pass,280,r2.0,0
354,167,3,pass,461,r2.0,0
355,2345,25,pass,105,r2.1,0
356,2543,21,minor_issue,80,r2.0,0
357,631,21,unsafe,379,r2.0,0
358,1930,39,unsafe,165,r2.1,0
359,2163,27,unsafe,110,r2.1,0
360,255,11,minor_issue,236,r2.0,1
361,785,23,major_issue,301,r2.1,0
362,2963,20,pass,376,r2.0,1
363,3452,37,major_issue,142,r2.1,0
364,2861,7,major_issue,179,r2.1,0
365,2168,29,minor_issue,104,r2.0,0
366,2649,28,minor_issue,435,r2.0,0
367,1022,23,major_issue,310,r2.1,0
368,1580,7,major_issue,423,r2.1,0
369,518,1,pass,103,r2.1,0
370,575,18,major_issue,234,r2.0,1
371,2426,1,major_issue,147,r2.0,0
372,1170,24,minor_issue,97,r2.0,1
373,562,41,pass,82,r2.1,0
374,1466,17,unsafe,325,r2.1,0
375,1377,5,minor_issue,196,r2.1,1
376,1743,45,pass,43,r2.1,0
377,1981,24,major_issue,156,r2.1,1
378,586,40,major_issue,205,r2.1,1
379,1392,11,unsafe,262,r2.0,0
380,2732,7,minor_issue,212,r2.0,0
381,625,4,pass,222,r2.0,1
382,1421,7,major_issue,318,r2.1,1
383,3752,5,minor_issue,198,r2.1,0
384,1835,20,pass,243,r2.0,1
385,1713,24,pass,87,r2.0,0
386,3501,30,minor_issue,370,r2.0,0
387,2098,9,unsafe,403,r2.1,1
388,224,39,minor_issue,354,r2.1,0
389,2462,39,major_issue,381,r2.1,1
390,2831,41,minor_issue,302,r2.1,0
391,3832,36,pass,257,r2.1,0
392,1930,18,unsafe,165,r2.1,0
393,794,34,major_issue,479,r2.0,0
394,497,28,pass,217,r2.1,1
395,1904,36,major_issue,389,r2.0,0
396,19,32,minor_issue,31,r2.1,0
397,191,19,unsafe,82,r2.0,0
398,2437,12,pass,233,r2.1,0
399,2679,10,major_issue,253,r2.0,0
400,387,15,pass,252,r2.0,0
401,2916,32,pass,380,r2.0,0
402,3428,1,unsafe,238,r2.0,1
403,369,4,major_issue,92,r2.1,1
404,3677,16,unsafe,226,r2.0,0
405,486,21,pass,300,r2.0,1
406,977,32,pass,352,r2.1,0
407,323,43,unsafe,121,r2.0,0
408,2776,41,major_issue,96,r2.0,0
409,2842,24,major_issue,184,r2.1,1
410,2984,15,pass,272,r2.0,0
411,3577,1,pass,154,r2.1,0
412,546,10,major_issue,240,r2.0,0
413,522,8,major_issue,172,r2.1,1
414,2344,5,pass,121,r2.0,1
415,3936,37,minor_issue,404,r2.1,0
416,2652,43,minor_issue,94,r2.0,0
417,2752,7,unsafe,367,r2.0,0
418,755,29,pass,216,r2.1,0
419,3348,13,unsafe,377,r2.0,1
420,1737,20,pass,144,r2.1,0
421,3782,43,pass,32,r2.1,0
422,346,45,major_issue,400,r2.0,1
423,1494,13,major_issue,476,r2.1,0
424,1734,5,minor_issue,310,r2.0,1
425,2727,25,unsafe,239,r2.1,0
426,2326,41,major_issue,206,r2.0,0
427,3604,10,pass,444,r2.1,0
428,2323,8,pass,177,r2.0,0
429,3832,43,unsafe,244,r2.0,0
430,355,10,minor_issue,363,r2.0,0
431,3238,5,major_issue,457,r2.1,1
432,559,22,minor_issue,389,r2.1,0
433,1617,19,major_issue,423,r2.0,0
434,1241,25,major_issue,156,r2.0,1
435,3940,14,major_issue,34,r2.0,0
436,2523,42,major_issue,143,r2.1,0
437,3375,15,major_issue,28,r2.0,1
438,1339,21,unsafe,35,r2.1,0
439,481,30,minor_issue,26,r2.0,0
440,2682,38,unsafe,469,r2.0,0
441,3603,3,pass,208,r2.0,0
442,2239,32,unsafe,51,r2.0,0
443,1527,21,pass,244,r2.0,1
444,2875,32,major_issue,40,r2.0,0
445,557,37,minor_issue,136,r2.0,0
446,2613,16,major_issue,99,r2.0,0
447,1855,33,pass,475,r2.0,0
448,2325,4,minor_issue,48,r2.0,1
449,246,26,minor_issue,255,r2.0,0
450,3386,23,unsafe,154,r2.0,0
451,3574,37,unsafe,422,r2.0,0
452,64,40,major_issue,120,r2.0,0
453,1206,22,unsafe,139,r2.1,0
454,392,17,pass,470,r2.0,0
455,1563,35,minor_issue,283,r2.0,0
456,2935,1,major_issue,308,r2.1,0
457,2032,45,major_issue,294,r2.0,0
458,1231,11,unsafe,69,r2.1,1
459,503,25,unsafe,418,r2.1,0
460,576,13,pass,156,r2.0,0
461,3270,42,unsafe,141,r2.1,0
462,1906,37,minor_issue,250,r2.1,0
463,3005,17,pass,398,r2.0,0
464,1648,29,pass,67,r2.1,0
465,1836,25,minor_issue,476,r2.1,0
466,2046,4,major_issue,340,r2.1,0
467,690,5,major_issue,37,r2.1,1
468,2122,23,minor_issue,157,r2.1,0
469,1475,11,unsafe,127,r2.1,0
470,1457,39,major_issue,164,r2.0,0
471,2759,17,major_issue,84,r2.1,0
472,317,11,unsafe,189,r2.0,0
473,2527,40,pass,235,r2.1,0
474,3680,4,pass,163,r2.0,0
475,2069,7,pass,258,r2.1,0
476,779,4,unsafe,200,r2.0,0
477,1608,44,unsafe,383,r2.0,0
478,1937,20,unsafe,151,r2.0,0
479,3686,35,pass,288,r2.0,0
480,770,2,unsafe,362,r2.1,0
481,2851,19,unsafe,305,r2.1,0
482,1897,41,pass,334,r2.0,1
483,195,36,pass,100,r2.1,0
484,3456,42,major_issue,88,r2.0,0
485,3573,7,major_issue,119,r2.1,0
486,2224,32,unsafe,212,r2.1,0
487,115,22,unsafe,396,r2.1,0
488,67,39,minor_issue,364,r2.0,0
489,114,19,unsafe,460,r2.1,0
490,1495,44,unsafe,402,r2.0,0
491,3605,27,unsafe,200,r2.1,0
492,2035,14,pass,474,r2.1,0
493,2794,34,unsafe,458,r2.1,0
494,1269,44,major_issue,52,r2.1,0
495,2712,37,pass,421,r2.0,0
496,2954,6,minor_issue,429,r2.1,0
497,2771,21,pass,278,r2.1,0
498,3038,12,minor_issue,26,r2.1,0
499,2459,29,minor_issue,224,r2.0,0
500,2492,38,pass,201,r2.0,0
501,3154,13,pass,111,r2.1,1
502,3240,22,minor_issue,446,r2.1,0
503,779,34,minor_issue,146,r2.0,1
504,3259,15,minor_issue,300,r2.0,0
505,2372,41,minor_issue,475,r2.1,0
506,803,30,major_issue,324,r2.1,1
507,1457,5,minor_issue,432,r2.0,0
508,3447,13,minor_issue,28,r2.1,0
509,1684,24,major_issue,184,r2.0,0
510,853,6,major_issue,55,r2.1,0
511,51,17,major_issue,188,r2.0,0
512,534,16,pass,260,r2.1,0
513,926,33,minor_issue,395,r2.0,0
514,2181,33,minor_issue,436,r2.1,0
515,545,20,unsafe,365,r2.0,0
516,157,13,major_issue,207,r2.1,0
517,2459,44,pass,271,r2.1,0
518,406,16,unsafe,131,r2.1,0
519,3315,17,pass,149,r2.0,0
520,1990,37,minor_issue,41,r2.1,0
521,358,45,pass,200,r2.0,0
522,3576,38,unsafe,196,r2.0,1
523,3978,17,pass,437,r2.1,1
524,3617,16,unsafe,256,r2.0,0
525,562,39,pass,292,r2.1,0
526,1849,15,unsafe,232,r2.1,0
527,2374,15,pass,363,r2.0,0
528,1676,11,minor_issue,383,r2.0,0
529,1736,25,unsafe,478,r2.1,0
530,3882,12,major_issue,82,r2.1,0
531,373,13,minor_issue,244,r2.1,0
532,398,32,pass,411,r2.0,1
533,1530,6,minor_issue,163,r2.1,0
534,1498,27,pass,251,r2.1,0
535,1345,44,pass,172,r2.1,0
536,2984,19,pass,250,r2.1,0
537,2235,42,minor_issue,99,r2.0,0
538,2985,14,minor_issue,320,r2.0,0
539,3628,11,pass,215,r2.0,0
540,818,10,unsafe,471,r2.1,0
541,1948,10,pass,458,r2.0,0
542,1456,5,pass,191,r2.0,0
543,1050,39,pass,442,r2.1,0
544,2513,45,major_issue,440,r2.1,0
545,2848,34,pass,338,r2.1,0
546,3348,43,minor_issue,157,r2.1,0
547,1347,19,minor_issue,164,r2.1,0
548,1219,31,pass,433,r2.1,0
549,1711,10,major_issue,455,r2.0,0
550,3914,43,unsafe,140,r2.0,0
551,1915,7,unsafe,38,r2.0,1
552,3423,11,major_issue,109,r2.0,0
553,3627,9,minor_issue,267,r2.0,0
554,3882,4,minor_issue,293,r2.0,0
555,1322,17,pass,114,r2.1,0
556,1343,18,major_issue,63,r2.0,0
557,3010,13,unsafe,85,r2.0,0
558,525,23,unsafe,422,r2.0,0
559,2667,5,unsafe,341,r2.1,0
560,2492,27,minor_issue,415,r2.0,1
561,429,13,pass,211,r2.1,0
562,3338,26,pass,204,r2.0,0
563,2913,39,pass,114,r2.1,1
564,1022,25,unsafe,441,r2.0,1
565,3552,32,pass,409,r2.1,1
566,2579,42,unsafe,210,r2.0,0
567,2786,19,minor_issue,212,r2.0,0
568,3269,29,major_issue,264,r2.0,0
569,1197,26,pass,329,r2.0,0
570,3887,18,major_issue,211,r2.1,0
571,3399,31,unsafe,87,r2.0,0
572,3949,24,unsafe,124,r2.1,0
573,1597,8,unsafe,458,r2.0,0
574,3224,40,unsafe,422,r2.1,0
575,3657,43,unsafe,353,r2.0,1
576,3389,23,minor_issue,313,r2.0,0
577,2554,36,pass,366,r2.0,0
578,3748,40,unsafe,256,r2.1,0
579,1424,28,minor_issue,120,r2.0,0
580,2835,33,pass,278,r2.1,0
581,661,5,pass,335,r2.1,0
582,1774,13,minor_issue,465,r2.1,0
583,3401,3,minor_issue,33,r2.1,0
584,3396,44,minor_issue,207,r2.0,1
585,1807,15,minor_issue,333,r2.0,0
586,1924,25,pass,75,r2.0,0
587,606,27,minor_issue,43,r2.0,0
588,2796,24,unsafe,368,r2.1,0
589,494,7,pass,453,r2.1,0
590,3186,38,pass,206,r2.0,0
591,470,7,pass,40,r2.1,0
592,173,11,unsafe,90,r2.1,0
593,2810,17,minor_issue,182,r2.1,0
594,443,27,unsafe,102,r2.0,1
595,2491,18,unsafe,307,r2.1,0
596,1813,8,major_issue,471,r2.0,0
597,2761,5,unsafe,441,r2.1,0
598,8,12,pass,67,r2.1,0
599,1357,23,major_issue,125,r2.1,1
600,781,23,unsafe,426,r2.1,0
601,2818,27,pass,311,r2.1,0
602,1216,9,minor_issue,199,r2.1,0
603,213,31,minor_issue,450,r2.1,0
604,1975,42,unsafe,361,r2.1,0
605,1496,34,minor_issue,382,r2.1,0
606,1202,18,pass,226,r2.1,1
607,3188,38,major_issue,374,r2.0,1
608,3730,43,major_issue,125,r2.0,0
609,855,42,minor_issue,211,r2.0,1
610,1110,28,unsafe,372,r2.0,0
611,1238,42,unsafe,119,r2.0,0
612,2506,42,minor_issue,31,r2.0,1
613,1488,38,unsafe,415,r2.1,0
614,3119,6,pass,239,r2.0,0
615,840,45,minor_issue,147,r2.1,0
616,507,9,major_issue,148,r2.1,0
617,3476,15,unsafe,263,r2.1,0
618,2835,11,pass,238,r2.0,0
619,3158,44,pass,125,r2.0,0
620,1073,30,unsafe,44,r2.0,0
621,3790,34,minor_issue,170,r2.0,0
622,1042,2,minor_issue,436,r2.0,0
623,1411,22,unsafe,137,r2.1,1
624,1340,17,pass,231,r2.1,0
625,1868,31,minor_issue,155,r2.0,1
626,2058,43,minor_issue,25,r2.0,0
627,3901,44,minor_issue,363,r2.1,0
628,3102,13,minor_issue,34,r2.1,0
629,2395,3,minor_issue,142,r2.0,0
630,2091,44,unsafe,26,r2.1,0
631,525,37,major_issue,466,r2.1,0
632,2539,21,unsafe,209,r2.1,0
633,3410,41,unsafe,260,r2.1,0
634,2254,31,major_issue,51,r2.0,0
635,1901,13,major_issue,387,r2.0,1
636,556,39,pass,284,r2.1,1
637,816,37,pass,253,r2.0,0
638,3288,19,pass,171,r2.0,0
639,3051,10,pass,313,r2.0,0
640,1149,37,pass,234,r2.1,0
641,2249,15,unsafe,350,r2.0,0
642,3122,28,unsafe,43,r2.1,1
643,788,9,unsafe,172,r2.1,0
644,3209,28,pass,61,r2.1,0
645,1520,7,major_issue,418,r2.0,1
646,482,10,pass,253,r2.0,0
647,1717,45,minor_issue,457,r2.1,0
648,2151,35,minor_issue,283,r2.0,0
649,1421,28,minor_issue,240,r2.0,0
650,178,20,major_issue,91,r2.0,1
651,273,32,pass,82,r2.1,0
652,3226,27,minor_issue,235,r2.1,0
653,522,24,minor_issue,447,r2.0,0
654,544,3,pass,95,r2.1,0
655,2062,30,pass,429,r2.0,0
656,455,33,major_issue,89,r2.0,0
657,433,38,pass,227,r2.0,1
658,2929,45,minor_issue,334,r2.1,0
659,3617,28,unsafe,33,r2.1,0
660,3823,34,major_issue,144,r2.0,0
661,2064,16,major_issue,255,r2.0,1
662,513,44,unsafe,287,r2.1,0
663,3157,1,pass,215,r2.1,0
664,1173,38,unsafe,160,r2.1,0
665,1146,2,minor_issue,156,r2.1,0
666,154,23,pass,119,r2.0,0
667,2636,15,major_issue,62,r2.0,0
668,3704,4,major_issue,110,r2.0,1
669,340,41,major_issue,59,r2.1,0
670,1653,41,major_issue,199,r2.1,0
671,2348,27,unsafe,442,r2.0,0
672,1467,39,unsafe,405,r2.0,0
673,1700,17,major_issue,277,r2.0,0
674,2235,29,unsafe,97,r2.1,0
675,1913,19,major_issue,176,r2.0,0
676,2417,13,minor_issue,67,r2.0,0
677,1268,10,unsafe,219,r2.0,0
678,997,11,major_issue,387,r2.0,1
679,3875,23,major_issue,274,r2.0,0
680,2476,41,minor_issue,348,r2.1,0
681,3553,27,minor_issue,472,r2.0,0
682,3313,12,pass,152,r2.1,0
683,1947,32,minor_issue,68,r2.0,1
684,1471,12,pass,398,r2.1,0
685,165,24,pass,108,r2.0,0
686,2535,11,unsafe,423,r2.1,0
687,1383,1,pass,397,r2.1,0
688,2431,41,pass,206,r2.1,1
689,2109,39,minor_issue,179,r2.0,0
690,356,43,major_issue,161,r2.1,0
691,2321,35,pass,191,r2.0,0
692,1404,1,major_issue,358,r2.0,1
693,3872,14,pass,189,r2.1,1
694,1068,5,pass,476,r2.0,0
695,3922,10,major_issue,104,r2.1,0
696,3083,32,unsafe,54,r2.1,0
697,1056,41,pass,420,r2.0,0
698,1164,36,pass,187,r2.0,1
699,462,30,minor_issue,213,r2.1,0
700,1293,37,major_issue,198,r2.0,0
701,2390,30,pass,403,r2.0,0
702,2795,15,minor_issue,276,r2.0,0
703,3693,1,minor_issue,394,r2.1,1
704,1590,15,unsafe,238,r2.0,1
705,850,28,major_issue,190,r2.0,0
706,2378,42,minor_issue,63,r2.1,0
707,3441,40,major_issue,151,r2.1,0
708,51,12,major_issue,161,r2.1,1
709,3608,43,major_issue,232,r2.1,0
710,1828,41,minor_issue,103,r2.0,0
711,3619,8,pass,182,r2.0,0
712,2633,28,major_issue,151,r2.1,0
713,3295,40,major_issue,103,r2.1,0
714,2679,35,pass,188,r2.1,1
715,2588,12,unsafe,251,r2.0,0
716,2070,23,unsafe,375,r2.0,0
717,1908,14,major_issue,372,r2.1,0
718,1858,39,unsafe,142,r2.0,0
719,3865,39,unsafe,376,r2.1,0
720,816,44,unsafe,192,r2.0,0
721,1236,12,major_issue,479,r2.0,0
722,1325,21,major_issue,442,r2.1,0
723,1431,27,pass,88,r2.1,0
724,1270,25,pass,409,r2.1,0
725,1998,43,unsafe,433,r2.0,0
726,1600,41,unsafe,250,r2.1,0
727,1505,19,pass,154,r2.0,0
728,668,38,major_issue,378,r2.1,0
729,861,7,minor_issue,51,r2.0,1
730,149,27,unsafe,446,r2.1,0
731,975,10,unsafe,162,r2.0,0
732,1653,6,pass,388,r2.0,0
733,217,17,major_issue,365,r2.1,0
734,3258,41,minor_issue,421,r2.1,1
735,3215,10,pass,77,r2.0,0
736,2639,34,pass,190,r2.1,0
737,3150,34,minor_issue,405,r2.1,0
738,12,37,minor_issue,224,r2.0,0
739,1387,4,pass,274,r2.0,0
740,1289,2,major_issue,304,r2.1,0
741,2915,17,major_issue,320,r2.1,1
742,3973,11,unsafe,119,r2.1,0
743,3764,12,unsafe,98,r2.1,0
744,2908,42,pass,245,r2.1,1
745,536,3,major_issue,334,r2.0,0
746,1826,30,unsafe,356,r2.1,0
747,1943,30,major_issue,379,r2.0,0
748,3826,15,pass,438,r2.0,0
749,2012,27,major_issue,203,r2.0,0
750,1792,2,pass,223,r2.1,0
751,1937,38,major_issue,112,r2.1,0
752,489,20,unsafe,392,r2.0,0
753,297,12,major_issue,445,r2.1,0
754,3779,17,unsafe,439,r2.1,0
755,401,39,unsafe,118,r2.0,0
756,1337,34,pass,382,r2.0,0
757,1225,17,unsafe,466,r2.0,0
758,2858,2,minor_issue,440,r2.1,1
759,747,20,minor_issue,278,r2.0,0
760,3638,21,major_issue,347,r2.1,0
761,1477,14,major_issue,82,r2.0,0
762,217,38,major_issue,148,r2.0,0
763,3481,37,pass,256,r2.1,0
764,1708,23,minor_issue,418,r2.0,0
765,359,25,unsafe,208,r2.0,0
766,643,10,major_issue,434,r2.1,0
767,3285,16,major_issue,442,r2.1,0
768,1518,44,pass,465,r2.1,1
769,963,32,minor_issue,97,r2.0,0
770,895,41,minor_issue,261,r2.0,1
771,2067,12,minor_issue,358,r2.1,0
772,538,19,pass,241,r2.0,0
773,2888,18,unsafe,201,r2.1,0
774,3807,25,unsafe,354,r2.1,0
775,3224,22,major_issue,348,r2.1,0
776,3386,37,unsafe,182,r2.1,0
777,898,12,major_issue,132,r2.0,0
778,3260,20,minor_issue,386,r2.1,0
779,806,29,unsafe,388,r2.0,0
780,1928,37,pass,220,r2.0,0
781,2054,28,pass,60,r2.0,0
782,2795,15,major_issue,61,r2.0,0
783,3726,11,unsafe,125,r2.1,0
784,2334,30,minor_issue,160,r2.0,1
785,3721,39,pass,468,r2.1,0
786,1932,5,unsafe,353,r2.1,1
787,421,14,pass,186,r2.0,0
788,1820,30,unsafe,270,r2.1,0
789,3325,38,major_issue,430,r2.1,0
790,3066,44,major_issue,343,r2.0,0
791,425,33,minor_issue,266,r2.0,1
792,3872,28,major_issue,417,r2.0,0
793,1927,20,minor_issue,180,r2.0,0
794,336,9,major_issue,115,r2.1,0
795,2323,2,unsafe,315,r2.0,0
796,992,25,minor_issue,340,r2.1,1
797,2072,19,minor_issue,119,r2.1,0
798,1370,15,pass,200,r2.0,0
799,3445,36,minor_issue,427,r2.1,0
800,34,39,major_issue,429,r2.1,0
